ZoneNumber,Commodity,BuyingSize,SellingSize,SpecifiedExchange,ImportFunctionMidpoint,ImportFunctionMidpointPrice,ExportFunctionMidpoint,ExportFunctionMidpointPrice,ImportFunctionDelta,ImportFunctionSlope,ImportFunctionEta,ExportFunctionDelta,ExportFunctionSlope,ExportFunctionEta,MonitorExchange
-1,Agriculture output,1,1,FALSE,1.00E+06,1,1.00E+06,1,1.00E+06,1.00E+06,10,-1.00E+06,-1.00E+06,10,FALSE
-1,Utilities output,1,1,FALSE,1.00E+06,1,1.00E+06,1,1.00E+06,1.00E+06,10,-1.00E+06,-1.00E+06,10,FALSE
-1,Utilities Office Support,1,1,FALSE,1.00E+06,1,1.00E+06,1,1.00E+06,1.00E+06,10,-1.00E+06,-1.00E+06,10,FALSE
-1,Construction of Buildings output,1,1,FALSE,1.00E+06,1,1.00E+06,1,1.00E+06,1.00E+06,10,-1.00E+06,-1.00E+06,10,FALSE
-1,Construction of Buildings Office Support,1,1,FALSE,1.00E+06,1,1.00E+06,1,1.00E+06,1.00E+06,10,-1.00E+06,-1.00E+06,10,FALSE
-1,Construction Non-Building (including mining) output,1,1,FALSE,1.00E+06,1,1.00E+06,1,1.00E+06,1.00E+06,10,-1.00E+06,-1.00E+06,10,FALSE
-1,Construction Non-Building (including mining) Office Support,1,1,FALSE,1.00E+06,1,1.00E+06,1,1.00E+06,1.00E+06,10,-1.00E+06,-1.00E+06,10,FALSE
-1,Manufacturing output,1,1,FALSE,1.00E+06,1,1.00E+06,1,1.00E+06,1.00E+06,10,-1.00E+06,-1.00E+06,10,FALSE
-1,Manufacturing Office Support,1,1,FALSE,1.00E+06,1,1.00E+06,1,1.00E+06,1.00E+06,10,-1.00E+06,-1.00E+06,10,FALSE
-1,Wholesale and Warehousing output,1,1,FALSE,1.00E+06,1,1.00E+06,1,1.00E+06,1.00E+06,10,-1.00E+06,-1.00E+06,10,FALSE
-1,Transportation Activity output,1,1,FALSE,1.00E+06,1,1.00E+06,1,1.00E+06,1.00E+06,10,-1.00E+06,-1.00E+06,10,FALSE
-1,Retail Activity output,1,1,FALSE,1.00E+06,1,1.00E+06,1,1.00E+06,1.00E+06,10,-1.00E+06,-1.00E+06,10,FALSE
-1,Professional and Business Services output,1,1,FALSE,1.00E+06,1,1.00E+06,1,1.00E+06,1.00E+06,10,-1.00E+06,-1.00E+06,10,FALSE
-1,Professional and Business Services (Building Maintenance) output,1,1,FALSE,1.00E+06,1,1.00E+06,1,1.00E+06,1.00E+06,10,-1.00E+06,-1.00E+06,10,FALSE
-1,Private Education K-12 output,1,1,FALSE,1.00E+06,1,1.00E+06,1,1.00E+06,1.00E+06,10,-1.00E+06,-1.00E+06,10,FALSE
-1,Private Education Post K-12 and Other output,1,1,FALSE,1.00E+07,1,1.00E+07,1,1.00E+07,1.00E+07,10,-1.00E+07,-1.00E+07,10,FALSE
-1,Health Services output,1,1,FALSE,1.00E+06,1,1.00E+06,1,1.00E+06,1.00E+06,10,-1.00E+06,-1.00E+06,10,FALSE
-1,Amusement Services (events tracks theme parks country clubs) output,1,1,FALSE,1.00E+06,1,1.00E+06,1,1.00E+06,1.00E+06,10,-1.00E+06,-1.00E+06,10,FALSE
-1,Personal Services Office Based output,1,1,FALSE,1.00E+06,1,1.00E+06,1,1.00E+06,1.00E+06,10,-1.00E+06,-1.00E+06,10,FALSE
-1,Personal Services Retail Based output,1,1,FALSE,1.00E+06,1,1.00E+06,1,1.00E+06,1.00E+06,10,-1.00E+06,-1.00E+06,10,FALSE
-1,Restaurants and Bars Activity output,1,1,FALSE,1.00E+06,1,1.00E+06,1,1.00E+06,1.00E+06,10,-1.00E+06,-1.00E+06,10,FALSE
-1,Private Households output,1,1,FALSE,1.00E+06,1,1.00E+06,1,1.00E+06,1.00E+06,10,-1.00E+06,-1.00E+06,10,FALSE
-1,Hotels Activity output,1,1,FALSE,1.00E+06,1,1.00E+06,1,1.00E+06,1.00E+06,10,-1.00E+06,-1.00E+06,10,FALSE
-1,Religious Activity output,1,1,FALSE,1.00E+06,1,1.00E+06,1,1.00E+06,1.00E+06,10,-1.00E+06,-1.00E+06,10,FALSE
-1,State and Local Government Enterprises Activity output,1,1,FALSE,1.00E+06,1,1.00E+06,1,1.00E+06,1.00E+06,10,-1.00E+06,-1.00E+06,10,FALSE
1,Public Education K-12 output,1,1,TRUE,1.00E+08,1,1.00E+08,1,1.00E+08,1.00E+08,10,-1.00E+08,-1.00E+08,10,FALSE
1,Public Education Post K-12 and Other output,1,1,TRUE,1.00E+08,1,1.00E+08,1,1.00E+08,1.00E+08,10,-1.00E+08,-1.00E+08,10,FALSE
-1,State and Local Non-Education Activity output,1,1,FALSE,1.00E+06,1,1.00E+06,1,1.00E+06,1.00E+06,10,-1.00E+06,-1.00E+06,10,FALSE
-1,State and Local Non-Education Activity Office Support,1,1,FALSE,1.00E+06,1,1.00E+06,1,1.00E+06,1.00E+06,10,-1.00E+06,-1.00E+06,10,FALSE
1,Federal Military Activity output,1,1,TRUE,1.00E+08,1,1.00E+08,1,1.00E+08,1.00E+08,10,-1.00E+08,-1.00E+08,10,FALSE
-1,Federal Non-Military Activity output,1,1,FALSE,1.00E+06,1,1.00E+06,1,1.00E+06,1.00E+06,10,-1.00E+06,-1.00E+06,10,FALSE
-1,Owner-Occupied Dwellings Management and Maintenance,1,1,FALSE,1.00E+06,1,1.00E+06,1,1.00E+06,1.00E+06,10,-1.00E+06,-1.00E+06,10,FALSE
-1,Scrap and Other,1,1,FALSE,1.00E+06,1,1.00E+06,1,1.00E+06,1.00E+06,10,-1.00E+06,-1.00E+06,10,FALSE
1,Adjustments,1,1,TRUE,1.00E+08,1,1.00E+08,1,1.00E+08,1.00E+08,10,-1.00E+08,-1.00E+08,10,FALSE
-1,K-12 Instruction,1,1,FALSE,1.00E+06,1,1.00E+06,1,1.00E+06,1.00E+06,10,-1.00E+06,-1.00E+06,10,FALSE
-1,Air Pollution,1,1,FALSE,1.00E+06,1,1.00E+06,1,1.00E+06,1.00E+06,10,-1.00E+06,-1.00E+06,10,FALSE
-1,Water Pollution,1,1,FALSE,1.00E+06,1,1.00E+06,1,1.00E+06,1.00E+06,10,-1.00E+06,-1.00E+06,10,FALSE
-1,Solid Waste,1,1,FALSE,1.00E+06,1,1.00E+06,1,1.00E+06,1.00E+06,10,-1.00E+06,-1.00E+06,10,FALSE
1,Payroll Tax Receipts,1,1,TRUE,1.50E+10,1,1.50E+10,1,1.50E+10,1.50E+10,10,-1.50E+10,-1.50E+10,10,FALSE
1,Other Tax Receipts,1,1,TRUE,1.50E+10,1,1.50E+10,1,1.50E+10,1.50E+10,10,-1.50E+10,-1.50E+10,10,FALSE
1,Other Property Income Receipts,1,1,TRUE,1.50E+10,1,1.50E+10,1,1.50E+10,1.50E+10,10,-1.50E+10,-1.50E+10,10,FALSE
1,Indirect Business Tax Receipts,1,1,TRUE,1.50E+10,1,1.50E+10,1,1.50E+10,1.50E+10,10,-1.50E+10,-1.50E+10,10,FALSE
1,Capital Investment Certificates,1,1,TRUE,1.50E+10,1,1.50E+10,1,1.50E+10,1.50E+10,10,-1.50E+10,-1.50E+10,10,FALSE
1,Investment Earnings Receipts,1,1,TRUE,1.50E+10,1,1.50E+10,1,1.50E+10,1.50E+10,10,-1.50E+10,-1.50E+10,10,FALSE
1,Government Support Receipts,1,1,TRUE,1.50E+09,1,1.50E+09,1,1.50E+09,1.50E+09,10,-1.50E+09,-1.50E+09,10,FALSE
1,Other Transfers and Adjustments Receipts,1,1,TRUE,1.50E+10,1,1.50E+10,1,1.50E+10,1.50E+10,10,-1.50E+10,-1.50E+10,10,FALSE
-1,Management Business Science and Arts Labor,1,1,FALSE,1.00E+06,1,1.00E+06,1,1.00E+06,1.00E+06,10,-1.00E+06,-1.00E+06,10,FALSE
-1,Services Labor,1,1,FALSE,1.00E+06,1,1.00E+06,1,1.00E+06,1.00E+06,10,-1.00E+06,-1.00E+06,10,FALSE
-1,Work at Home Labor,1,1,FALSE,1.00E+06,1,1.00E+06,1,1.00E+06,1.00E+06,10,-1.00E+06,-1.00E+06,10,FALSE
-1,Sales and Office Labor,1,1,FALSE,1.00E+06,1,1.00E+06,1,1.00E+06,1.00E+06,10,-1.00E+06,-1.00E+06,10,FALSE
-1,Natural Resources Construction and Maintenance Labor,1,1,FALSE,1.00E+06,1,1.00E+06,1,1.00E+06,1.00E+06,10,-1.00E+06,-1.00E+06,10,FALSE
-1,Production Transportation and Material Moving Labor,1,1,FALSE,1.00E+06,1,1.00E+06,1,1.00E+06,1.00E+06,10,-1.00E+06,-1.00E+06,10,FALSE
-1,Military Labor,1,1,FALSE,1.00E+06,1,1.00E+06,1,1.00E+06,1.00E+06,10,-1.00E+06,-1.00E+06,10,FALSE
-1,Post K-12 and Other Instruction,1,1,FALSE,1.00E+06,1,1.00E+06,1,1.00E+06,1.00E+06,10,-1.00E+06,-1.00E+06,10,FALSE
-1,ResUnitSF,1,1,FALSE,0,0,1,0,0,0,0,0,-1.00E-04,0,FALSE
1,ResUnitSF,1,1,FALSE,-74.74,200,1,0,3737,3.00E-04,0.002,0,-1.00E-04,0,FALSE
2,ResUnitSF,1,1,FALSE,-129.42,200,1,0,6471,3.00E-04,0.002,0,-1.00E-04,0,FALSE
3,ResUnitSF,1,1,FALSE,-282,200,1,0,14100,3.00E-04,0.002,0,-1.00E-04,0,FALSE
4,ResUnitSF,1,1,FALSE,-207.16,200,1,0,10360,3.00E-04,0.002,0,-1.00E-04,0,FALSE
5,ResUnitSF,1,1,FALSE,-99.82,200,1,0,4991,3.00E-04,0.002,0,-1.00E-04,0,FALSE
6,ResUnitSF,1,1,FALSE,-87.44,200,1,0,4372,3.00E-04,0.002,0,-1.00E-04,0,FALSE
7,ResUnitSF,1,1,FALSE,-136.42,200,1,0,6821,3.00E-04,0.002,0,-1.00E-04,0,FALSE
8,ResUnitSF,1,1,FALSE,-78.08,200,1,0,3904,3.00E-04,0.002,0,-1.00E-04,0,FALSE
9,ResUnitSF,1,1,FALSE,-66.36,200,1,0,3318,3.00E-04,0.002,0,-1.00E-04,0,FALSE
10,ResUnitSF,1,1,FALSE,-81.08,200,1,0,4054,3.00E-04,0.002,0,-1.00E-04,0,FALSE
11,ResUnitSF,1,1,FALSE,-32.7,200,1,0,1635,3.00E-04,0.002,0,-1.00E-04,0,FALSE
12,ResUnitSF,1,1,FALSE,-106.58,200,1,0,5329,3.00E-04,0.002,0,-1.00E-04,0,FALSE
13,ResUnitSF,1,1,FALSE,-114.28,200,1,0,5714,3.00E-04,0.002,0,-1.00E-04,0,FALSE
14,ResUnitSF,1,1,FALSE,-139.86,200,1,0,6993,3.00E-04,0.002,0,-1.00E-04,0,FALSE
15,ResUnitSF,1,1,FALSE,-114.5,200,1,0,5727,3.00E-04,0.002,0,-1.00E-04,0,FALSE
16,ResUnitSF,1,1,FALSE,-127.54,200,1,0,6377,3.00E-04,0.002,0,-1.00E-04,0,FALSE
17,ResUnitSF,1,1,FALSE,-68.74,200,1,0,3437,3.00E-04,0.002,0,-1.00E-04,0,FALSE
18,ResUnitSF,1,1,FALSE,-104.58,200,1,0,5229,3.00E-04,0.002,0,-1.00E-04,0,FALSE
19,ResUnitSF,1,1,FALSE,-93.92,200,1,0,4696,3.00E-04,0.002,0,-1.00E-04,0,FALSE
20,ResUnitSF,1,1,FALSE,-120.7,200,1,0,6035,3.00E-04,0.002,0,-1.00E-04,0,FALSE
21,ResUnitSF,1,1,FALSE,-94.9,200,1,0,4745,3.00E-04,0.002,0,-1.00E-04,0,FALSE
22,ResUnitSF,1,1,FALSE,-105.1,200,1,0,5255,3.00E-04,0.002,0,-1.00E-04,0,FALSE
23,ResUnitSF,1,1,FALSE,-12.58,200,1,0,629,3.00E-04,0.002,0,-1.00E-04,0,FALSE
24,ResUnitSF,1,1,FALSE,-31.76,200,1,0,1588,3.00E-04,0.002,0,-1.00E-04,0,FALSE
25,ResUnitSF,1,1,FALSE,-71.82,200,1,0,3591,3.00E-04,0.002,0,-1.00E-04,0,FALSE
26,ResUnitSF,1,1,FALSE,-140.88,200,1,0,7044,3.00E-04,0.002,0,-1.00E-04,0,FALSE
27,ResUnitSF,1,1,FALSE,-57.78,200,1,0,2889,3.00E-04,0.002,0,-1.00E-04,0,FALSE
28,ResUnitSF,1,1,FALSE,-36.2,200,1,0,1810,3.00E-04,0.002,0,-1.00E-04,0,FALSE
29,ResUnitSF,1,1,FALSE,-89.2,200,1,0,4460,3.00E-04,0.002,0,-1.00E-04,0,FALSE
30,ResUnitSF,1,1,FALSE,-111.44,200,1,0,5572,3.00E-04,0.002,0,-1.00E-04,0,FALSE
31,ResUnitSF,1,1,FALSE,-35.5,200,1,0,1775,3.00E-04,0.002,0,-1.00E-04,0,FALSE
32,ResUnitSF,1,1,FALSE,-58.72,200,1,0,2936,3.00E-04,0.002,0,-1.00E-04,0,FALSE
33,ResUnitSF,1,1,FALSE,-34.26,200,1,0,1713,3.00E-04,0.002,0,-1.00E-04,0,FALSE
34,ResUnitSF,1,1,FALSE,-38.48,200,1,0,1924,3.00E-04,0.002,0,-1.00E-04,0,FALSE
35,ResUnitSF,1,1,FALSE,-117.58,200,1,0,5879,3.00E-04,0.002,0,-1.00E-04,0,FALSE
36,ResUnitSF,1,1,FALSE,-75.56,200,1,0,3778,3.00E-04,0.002,0,-1.00E-04,0,FALSE
37,ResUnitSF,1,1,FALSE,-61.22,200,1,0,3061,3.00E-04,0.002,0,-1.00E-04,0,FALSE
38,ResUnitSF,1,1,FALSE,-23.06,200,1,0,1153,3.00E-04,0.002,0,-1.00E-04,0,FALSE
39,ResUnitSF,1,1,FALSE,-15.06,200,1,0,753,3.00E-04,0.002,0,-1.00E-04,0,FALSE
40,ResUnitSF,1,1,FALSE,-72.6,200,1,0,3488,3.00E-04,0.002,0,-1.00E-04,0,FALSE
41,ResUnitSF,1,1,FALSE,-114.36,200,1,0,5700,3.00E-04,0.002,0,-1.00E-04,0,FALSE
42,ResUnitSF,1,1,FALSE,-84.58,200,1,0,4180,3.00E-04,0.002,0,-1.00E-04,0,FALSE
43,ResUnitSF,1,1,FALSE,-75.28,200,1,0,2925,3.00E-04,0.002,0,-1.00E-04,0,FALSE
44,ResUnitSF,1,1,FALSE,-42.38,200,1,0,2110,3.00E-04,0.002,0,-1.00E-04,0,FALSE
45,ResUnitSF,1,1,FALSE,-226.74,200,1,0,11334,3.00E-04,0.002,0,-1.00E-04,0,FALSE
46,ResUnitSF,1,1,FALSE,-114.08,200,1,0,5592,3.00E-04,0.002,0,-1.00E-04,0,FALSE
47,ResUnitSF,1,1,FALSE,-11.36,200,1,0,569,3.00E-04,0.002,0,-1.00E-04,0,FALSE
48,ResUnitSF,1,1,FALSE,-79.44,200,1,0,3975,3.00E-04,0.002,0,-1.00E-04,0,FALSE
49,ResUnitSF,1,1,FALSE,-5.32,200,1,0,266,3.00E-04,0.002,0,-1.00E-04,0,FALSE
50,ResUnitSF,1,1,FALSE,-160.06,200,1,0,7836,3.00E-04,0.002,0,-1.00E-04,0,FALSE
51,ResUnitSF,1,1,FALSE,-35.06,200,1,0,1278,3.00E-04,0.002,0,-1.00E-04,0,FALSE
52,ResUnitSF,1,1,FALSE,-51.76,200,1,0,2586,3.00E-04,0.002,0,-1.00E-04,0,FALSE
53,ResUnitSF,1,1,FALSE,0,200,1,0,0,3.00E-04,0.002,0,-1.00E-04,0,FALSE
54,ResUnitSF,1,1,FALSE,-0.88,200,1,0,44,3.00E-04,0.002,0,-1.00E-04,0,FALSE
55,ResUnitSF,1,1,FALSE,-2.56,200,1,0,120,3.00E-04,0.002,0,-1.00E-04,0,FALSE
56,ResUnitSF,1,1,FALSE,-15.28,200,1,0,323,3.00E-04,0.002,0,-1.00E-04,0,FALSE
57,ResUnitSF,1,1,FALSE,-8.66,200,1,0,238,3.00E-04,0.002,0,-1.00E-04,0,FALSE
58,ResUnitSF,1,1,FALSE,-90.16,200,1,0,4508,3.00E-04,0.002,0,-1.00E-04,0,FALSE
59,ResUnitSF,1,1,FALSE,-131.28,200,1,0,5839,3.00E-04,0.002,0,-1.00E-04,0,FALSE
60,ResUnitSF,1,1,FALSE,-57.76,200,1,0,2843,3.00E-04,0.002,0,-1.00E-04,0,FALSE
61,ResUnitSF,1,1,FALSE,-47.8,200,1,0,2390,3.00E-04,0.002,0,-1.00E-04,0,FALSE
62,ResUnitSF,1,1,FALSE,-107.62,200,1,0,5381,3.00E-04,0.002,0,-1.00E-04,0,FALSE
63,ResUnitSF,1,1,FALSE,-87.48,200,1,0,4030,3.00E-04,0.002,0,-1.00E-04,0,FALSE
64,ResUnitSF,1,1,FALSE,-102.84,200,1,0,5124,3.00E-04,0.002,0,-1.00E-04,0,FALSE
65,ResUnitSF,1,1,FALSE,-10.54,200,1,0,527,3.00E-04,0.002,0,-1.00E-04,0,FALSE
66,ResUnitSF,1,1,FALSE,0,200,1,0,0,3.00E-04,0.002,0,-1.00E-04,0,FALSE
67,ResUnitSF,1,1,FALSE,-17.66,200,1,0,883,3.00E-04,0.002,0,-1.00E-04,0,FALSE
68,ResUnitSF,1,1,FALSE,-44.26,200,1,0,2204,3.00E-04,0.002,0,-1.00E-04,0,FALSE
69,ResUnitSF,1,1,FALSE,-182.66,200,1,0,9041,3.00E-04,0.002,0,-1.00E-04,0,FALSE
70,ResUnitSF,1,1,FALSE,-110.96,200,1,0,5548,3.00E-04,0.002,0,-1.00E-04,0,FALSE
71,ResUnitSF,1,1,FALSE,-29.34,200,1,0,1466,3.00E-04,0.002,0,-1.00E-04,0,FALSE
72,ResUnitSF,1,1,FALSE,0,200,1,0,0,3.00E-04,0.002,0,-1.00E-04,0,FALSE
73,ResUnitSF,1,1,FALSE,-173.1,200,1,0,8655,3.00E-04,0.002,0,-1.00E-04,0,FALSE
74,ResUnitSF,1,1,FALSE,-85.26,200,1,0,4263,3.00E-04,0.002,0,-1.00E-04,0,FALSE
75,ResUnitSF,1,1,FALSE,-151.12,200,1,0,7556,3.00E-04,0.002,0,-1.00E-04,0,FALSE
76,ResUnitSF,1,1,FALSE,-58.18,200,1,0,2909,3.00E-04,0.002,0,-1.00E-04,0,FALSE
77,ResUnitSF,1,1,FALSE,-54.58,200,1,0,2729,3.00E-04,0.002,0,-1.00E-04,0,FALSE
78,ResUnitSF,1,1,FALSE,-72.36,200,1,0,3618,3.00E-04,0.002,0,-1.00E-04,0,FALSE
79,ResUnitSF,1,1,FALSE,-12.54,200,1,0,599,3.00E-04,0.002,0,-1.00E-04,0,FALSE
80,ResUnitSF,1,1,FALSE,-93.38,200,1,0,4663,3.00E-04,0.002,0,-1.00E-04,0,FALSE
81,ResUnitSF,1,1,FALSE,-184.44,200,1,0,8509,3.00E-04,0.002,0,-1.00E-04,0,FALSE
82,ResUnitSF,1,1,FALSE,-11.8,200,1,0,283,3.00E-04,0.002,0,-1.00E-04,0,FALSE
83,ResUnitSF,1,1,FALSE,-152.48,200,1,0,6822,3.00E-04,0.002,0,-1.00E-04,0,FALSE
84,ResUnitSF,1,1,FALSE,-203.18,200,1,0,9398,3.00E-04,0.002,0,-1.00E-04,0,FALSE
85,ResUnitSF,1,1,FALSE,-32.36,200,1,0,1618,3.00E-04,0.002,0,-1.00E-04,0,FALSE
86,ResUnitSF,1,1,FALSE,-79.88,200,1,0,3994,3.00E-04,0.002,0,-1.00E-04,0,FALSE
87,ResUnitSF,1,1,FALSE,-166.54,200,1,0,8327,3.00E-04,0.002,0,-1.00E-04,0,FALSE
88,ResUnitSF,1,1,FALSE,-168.44,200,1,0,8421,3.00E-04,0.002,0,-1.00E-04,0,FALSE
89,ResUnitSF,1,1,FALSE,-79.12,200,1,0,3956,3.00E-04,0.002,0,-1.00E-04,0,FALSE
90,ResUnitSF,1,1,FALSE,-67.32,200,1,0,3366,3.00E-04,0.002,0,-1.00E-04,0,FALSE
91,ResUnitSF,1,1,FALSE,-14.82,200,1,0,741,3.00E-04,0.002,0,-1.00E-04,0,FALSE
92,ResUnitSF,1,1,FALSE,-67.52,200,1,0,3376,3.00E-04,0.002,0,-1.00E-04,0,FALSE
93,ResUnitSF,1,1,FALSE,-79.8,200,1,0,3990,3.00E-04,0.002,0,-1.00E-04,0,FALSE
94,ResUnitSF,1,1,FALSE,-39.2,200,1,0,1960,3.00E-04,0.002,0,-1.00E-04,0,FALSE
95,ResUnitSF,1,1,FALSE,-68.9,200,1,0,3445,3.00E-04,0.002,0,-1.00E-04,0,FALSE
96,ResUnitSF,1,1,FALSE,-25.32,200,1,0,1266,3.00E-04,0.002,0,-1.00E-04,0,FALSE
97,ResUnitSF,1,1,FALSE,0,200,1,0,0,3.00E-04,0.002,0,-1.00E-04,0,FALSE
98,ResUnitSF,1,1,FALSE,-9.46,200,1,0,473,3.00E-04,0.002,0,-1.00E-04,0,FALSE
99,ResUnitSF,1,1,FALSE,-69.22,200,1,0,3427,3.00E-04,0.002,0,-1.00E-04,0,FALSE
100,ResUnitSF,1,1,FALSE,-75.24,200,1,0,3371,3.00E-04,0.002,0,-1.00E-04,0,FALSE
101,ResUnitSF,1,1,FALSE,-126.46,200,1,0,6314,3.00E-04,0.002,0,-1.00E-04,0,FALSE
102,ResUnitSF,1,1,FALSE,0,200,1,0,0,3.00E-04,0.002,0,-1.00E-04,0,FALSE
103,ResUnitSF,1,1,FALSE,-2.04,200,1,0,102,3.00E-04,0.002,0,-1.00E-04,0,FALSE
104,ResUnitSF,1,1,FALSE,-2.86,200,1,0,143,3.00E-04,0.002,0,-1.00E-04,0,FALSE
105,ResUnitSF,1,1,FALSE,0,200,1,0,0,3.00E-04,0.002,0,-1.00E-04,0,FALSE
106,ResUnitSF,1,1,FALSE,-71.22,200,1,0,3561,3.00E-04,0.002,0,-1.00E-04,0,FALSE
107,ResUnitSF,1,1,FALSE,-100.32,200,1,0,5012,3.00E-04,0.002,0,-1.00E-04,0,FALSE
108,ResUnitSF,1,1,FALSE,-161.88,200,1,0,8080,3.00E-04,0.002,0,-1.00E-04,0,FALSE
109,ResUnitSF,1,1,FALSE,-179.94,200,1,0,8997,3.00E-04,0.002,0,-1.00E-04,0,FALSE
110,ResUnitSF,1,1,FALSE,-166.86,200,1,0,8343,3.00E-04,0.002,0,-1.00E-04,0,FALSE
111,ResUnitSF,1,1,FALSE,-201.34,200,1,0,10067,3.00E-04,0.002,0,-1.00E-04,0,FALSE
112,ResUnitSF,1,1,FALSE,-103.78,200,1,0,5189,3.00E-04,0.002,0,-1.00E-04,0,FALSE
113,ResUnitSF,1,1,FALSE,-63.44,200,1,0,3172,3.00E-04,0.002,0,-1.00E-04,0,FALSE
114,ResUnitSF,1,1,FALSE,-53.9,200,1,0,2695,3.00E-04,0.002,0,-1.00E-04,0,FALSE
115,ResUnitSF,1,1,FALSE,-187.56,200,1,0,9378,3.00E-04,0.002,0,-1.00E-04,0,FALSE
116,ResUnitSF,1,1,FALSE,-62.38,200,1,0,3119,3.00E-04,0.002,0,-1.00E-04,0,FALSE
117,ResUnitSF,1,1,FALSE,-62.2,200,1,0,3110,3.00E-04,0.002,0,-1.00E-04,0,FALSE
118,ResUnitSF,1,1,FALSE,-65.54,200,1,0,3277,3.00E-04,0.002,0,-1.00E-04,0,FALSE
119,ResUnitSF,1,1,FALSE,-274.68,200,1,0,13734,3.00E-04,0.002,0,-1.00E-04,0,FALSE
120,ResUnitSF,1,1,FALSE,-153.8,200,1,0,7690,3.00E-04,0.002,0,-1.00E-04,0,FALSE
121,ResUnitSF,1,1,FALSE,-210.48,200,1,0,10524,3.00E-04,0.002,0,-1.00E-04,0,FALSE
122,ResUnitSF,1,1,FALSE,-105.32,200,1,0,5237,3.00E-04,0.002,0,-1.00E-04,0,FALSE
123,ResUnitSF,1,1,FALSE,-40.02,200,1,0,1987,3.00E-04,0.002,0,-1.00E-04,0,FALSE
124,ResUnitSF,1,1,FALSE,-126.92,200,1,0,6299,3.00E-04,0.002,0,-1.00E-04,0,FALSE
125,ResUnitSF,1,1,FALSE,-84.74,200,1,0,4099,3.00E-04,0.002,0,-1.00E-04,0,FALSE
126,ResUnitSF,1,1,FALSE,-0.3,200,1,0,15,3.00E-04,0.002,0,-1.00E-04,0,FALSE
127,ResUnitSF,1,1,FALSE,-7.06,200,1,0,353,3.00E-04,0.002,0,-1.00E-04,0,FALSE
128,ResUnitSF,1,1,FALSE,-29.7,200,1,0,1485,3.00E-04,0.002,0,-1.00E-04,0,FALSE
129,ResUnitSF,1,1,FALSE,-65.54,200,1,0,3277,3.00E-04,0.002,0,-1.00E-04,0,FALSE
130,ResUnitSF,1,1,FALSE,-22.42,200,1,0,1121,3.00E-04,0.002,0,-1.00E-04,0,FALSE
131,ResUnitSF,1,1,FALSE,-8.66,200,1,0,433,3.00E-04,0.002,0,-1.00E-04,0,FALSE
132,ResUnitSF,1,1,FALSE,-75.04,200,1,0,3752,3.00E-04,0.002,0,-1.00E-04,0,FALSE
133,ResUnitSF,1,1,FALSE,-1.08,200,1,0,54,3.00E-04,0.002,0,-1.00E-04,0,FALSE
134,ResUnitSF,1,1,FALSE,-80.44,200,1,0,4022,3.00E-04,0.002,0,-1.00E-04,0,FALSE
135,ResUnitSF,1,1,FALSE,-60.22,200,1,0,3011,3.00E-04,0.002,0,-1.00E-04,0,FALSE
136,ResUnitSF,1,1,FALSE,-156.08,200,1,0,7804,3.00E-04,0.002,0,-1.00E-04,0,FALSE
137,ResUnitSF,1,1,FALSE,-108.9,200,1,0,5445,3.00E-04,0.002,0,-1.00E-04,0,FALSE
138,ResUnitSF,1,1,FALSE,-82.3,200,1,0,4115,3.00E-04,0.002,0,-1.00E-04,0,FALSE
139,ResUnitSF,1,1,FALSE,-0.78,200,1,0,39,3.00E-04,0.002,0,-1.00E-04,0,FALSE
140,ResUnitSF,1,1,FALSE,-77.8,200,1,0,3890,3.00E-04,0.002,0,-1.00E-04,0,FALSE
141,ResUnitSF,1,1,FALSE,-61.38,200,1,0,3069,3.00E-04,0.002,0,-1.00E-04,0,FALSE
142,ResUnitSF,1,1,FALSE,-64.64,200,1,0,3232,3.00E-04,0.002,0,-1.00E-04,0,FALSE
143,ResUnitSF,1,1,FALSE,-53.52,200,1,0,2676,3.00E-04,0.002,0,-1.00E-04,0,FALSE
144,ResUnitSF,1,1,FALSE,-72.32,200,1,0,3616,3.00E-04,0.002,0,-1.00E-04,0,FALSE
145,ResUnitSF,1,1,FALSE,-110.7,200,1,0,5535,3.00E-04,0.002,0,-1.00E-04,0,FALSE
146,ResUnitSF,1,1,FALSE,-67.38,200,1,0,3369,3.00E-04,0.002,0,-1.00E-04,0,FALSE
147,ResUnitSF,1,1,FALSE,-96.1,200,1,0,4805,3.00E-04,0.002,0,-1.00E-04,0,FALSE
148,ResUnitSF,1,1,FALSE,-164.04,200,1,0,8202,3.00E-04,0.002,0,-1.00E-04,0,FALSE
149,ResUnitSF,1,1,FALSE,-10.28,200,1,0,514,3.00E-04,0.002,0,-1.00E-04,0,FALSE
150,ResUnitSF,1,1,FALSE,-124.3,200,1,0,6215,3.00E-04,0.002,0,-1.00E-04,0,FALSE
151,ResUnitSF,1,1,FALSE,-247.34,200,1,0,12367,3.00E-04,0.002,0,-1.00E-04,0,FALSE
152,ResUnitSF,1,1,FALSE,-17.02,200,1,0,851,3.00E-04,0.002,0,-1.00E-04,0,FALSE
153,ResUnitSF,1,1,FALSE,-69.54,200,1,0,3477,3.00E-04,0.002,0,-1.00E-04,0,FALSE
154,ResUnitSF,1,1,FALSE,-20.12,200,1,0,1006,3.00E-04,0.002,0,-1.00E-04,0,FALSE
155,ResUnitSF,1,1,FALSE,-11.16,200,1,0,558,3.00E-04,0.002,0,-1.00E-04,0,FALSE
156,ResUnitSF,1,1,FALSE,-127.24,200,1,0,6362,3.00E-04,0.002,0,-1.00E-04,0,FALSE
157,ResUnitSF,1,1,FALSE,-22.4,200,1,0,1120,3.00E-04,0.002,0,-1.00E-04,0,FALSE
158,ResUnitSF,1,1,FALSE,-97.08,200,1,0,4854,3.00E-04,0.002,0,-1.00E-04,0,FALSE
159,ResUnitSF,1,1,FALSE,-120.78,200,1,0,6039,3.00E-04,0.002,0,-1.00E-04,0,FALSE
160,ResUnitSF,1,1,FALSE,-129.6,200,1,0,6480,3.00E-04,0.002,0,-1.00E-04,0,FALSE
161,ResUnitSF,1,1,FALSE,-59.04,200,1,0,2952,3.00E-04,0.002,0,-1.00E-04,0,FALSE
162,ResUnitSF,1,1,FALSE,-45.18,200,1,0,2259,3.00E-04,0.002,0,-1.00E-04,0,FALSE
163,ResUnitSF,1,1,FALSE,-68.92,200,1,0,3446,3.00E-04,0.002,0,-1.00E-04,0,FALSE
164,ResUnitSF,1,1,FALSE,-34.2,200,1,0,1710,3.00E-04,0.002,0,-1.00E-04,0,FALSE
165,ResUnitSF,1,1,FALSE,-57,200,1,0,2850,3.00E-04,0.002,0,-1.00E-04,0,FALSE
166,ResUnitSF,1,1,FALSE,-21.54,200,1,0,1077,3.00E-04,0.002,0,-1.00E-04,0,FALSE
167,ResUnitSF,1,1,FALSE,-71.46,200,1,0,3573,3.00E-04,0.002,0,-1.00E-04,0,FALSE
168,ResUnitSF,1,1,FALSE,-16.4,200,1,0,820,3.00E-04,0.002,0,-1.00E-04,0,FALSE
169,ResUnitSF,1,1,FALSE,-90.7,200,1,0,4535,3.00E-04,0.002,0,-1.00E-04,0,FALSE
170,ResUnitSF,1,1,FALSE,-88.44,200,1,0,4422,3.00E-04,0.002,0,-1.00E-04,0,FALSE
171,ResUnitSF,1,1,FALSE,-135,200,1,0,6750,3.00E-04,0.002,0,-1.00E-04,0,FALSE
172,ResUnitSF,1,1,FALSE,-53.1,200,1,0,2655,3.00E-04,0.002,0,-1.00E-04,0,FALSE
173,ResUnitSF,1,1,FALSE,-33.22,200,1,0,1661,3.00E-04,0.002,0,-1.00E-04,0,FALSE
174,ResUnitSF,1,1,FALSE,-56.6,200,1,0,2830,3.00E-04,0.002,0,-1.00E-04,0,FALSE
175,ResUnitSF,1,1,FALSE,-45.7,200,1,0,2285,3.00E-04,0.002,0,-1.00E-04,0,FALSE
176,ResUnitSF,1,1,FALSE,-9.04,200,1,0,452,3.00E-04,0.002,0,-1.00E-04,0,FALSE
177,ResUnitSF,1,1,FALSE,-44.1,200,1,0,2205,3.00E-04,0.002,0,-1.00E-04,0,FALSE
178,ResUnitSF,1,1,FALSE,-38.52,200,1,0,1926,3.00E-04,0.002,0,-1.00E-04,0,FALSE
179,ResUnitSF,1,1,FALSE,-9.22,200,1,0,461,3.00E-04,0.002,0,-1.00E-04,0,FALSE
180,ResUnitSF,1,1,FALSE,-45.14,200,1,0,2257,3.00E-04,0.002,0,-1.00E-04,0,FALSE
181,ResUnitSF,1,1,FALSE,-125.82,200,1,0,6291,3.00E-04,0.002,0,-1.00E-04,0,FALSE
182,ResUnitSF,1,1,FALSE,-99.74,200,1,0,4987,3.00E-04,0.002,0,-1.00E-04,0,FALSE
183,ResUnitSF,1,1,FALSE,-3.4,200,1,0,170,3.00E-04,0.002,0,-1.00E-04,0,FALSE
184,ResUnitSF,1,1,FALSE,-98.36,200,1,0,4918,3.00E-04,0.002,0,-1.00E-04,0,FALSE
185,ResUnitSF,1,1,FALSE,-264.36,200,1,0,13218,3.00E-04,0.002,0,-1.00E-04,0,FALSE
186,ResUnitSF,1,1,FALSE,-82.2,200,1,0,4110,3.00E-04,0.002,0,-1.00E-04,0,FALSE
187,ResUnitSF,1,1,FALSE,-73.12,200,1,0,3656,3.00E-04,0.002,0,-1.00E-04,0,FALSE
188,ResUnitSF,1,1,FALSE,-70.62,200,1,0,3531,3.00E-04,0.002,0,-1.00E-04,0,FALSE
189,ResUnitSF,1,1,FALSE,-52.32,200,1,0,2616,3.00E-04,0.002,0,-1.00E-04,0,FALSE
190,ResUnitSF,1,1,FALSE,-13.08,200,1,0,654,3.00E-04,0.002,0,-1.00E-04,0,FALSE
191,ResUnitSF,1,1,FALSE,-0.88,200,1,0,44,3.00E-04,0.002,0,-1.00E-04,0,FALSE
192,ResUnitSF,1,1,FALSE,-67.58,200,1,0,3379,3.00E-04,0.002,0,-1.00E-04,0,FALSE
193,ResUnitSF,1,1,FALSE,-4.04,200,1,0,202,3.00E-04,0.002,0,-1.00E-04,0,FALSE
194,ResUnitSF,1,1,FALSE,-4.64,200,1,0,232,3.00E-04,0.002,0,-1.00E-04,0,FALSE
195,ResUnitSF,1,1,FALSE,-13.36,200,1,0,668,3.00E-04,0.002,0,-1.00E-04,0,FALSE
196,ResUnitSF,1,1,FALSE,-28.48,200,1,0,1424,3.00E-04,0.002,0,-1.00E-04,0,FALSE
197,ResUnitSF,1,1,FALSE,-9.48,200,1,0,474,3.00E-04,0.002,0,-1.00E-04,0,FALSE
198,ResUnitSF,1,1,FALSE,-162.28,200,1,0,8114,3.00E-04,0.002,0,-1.00E-04,0,FALSE
199,ResUnitSF,1,1,FALSE,-41.68,200,1,0,2084,3.00E-04,0.002,0,-1.00E-04,0,FALSE
200,ResUnitSF,1,1,FALSE,-12.7,200,1,0,635,3.00E-04,0.002,0,-1.00E-04,0,FALSE
201,ResUnitSF,1,1,FALSE,-11.84,200,1,0,592,3.00E-04,0.002,0,-1.00E-04,0,FALSE
202,ResUnitSF,1,1,FALSE,-8.96,200,1,0,448,3.00E-04,0.002,0,-1.00E-04,0,FALSE
203,ResUnitSF,1,1,FALSE,-6.92,200,1,0,346,3.00E-04,0.002,0,-1.00E-04,0,FALSE
204,ResUnitSF,1,1,FALSE,-0.7,200,1,0,35,3.00E-04,0.002,0,-1.00E-04,0,FALSE
205,ResUnitSF,1,1,FALSE,-3.34,200,1,0,167,3.00E-04,0.002,0,-1.00E-04,0,FALSE
206,ResUnitSF,1,1,FALSE,-8.84,200,1,0,442,3.00E-04,0.002,0,-1.00E-04,0,FALSE
207,ResUnitSF,1,1,FALSE,-5.84,200,1,0,292,3.00E-04,0.002,0,-1.00E-04,0,FALSE
208,ResUnitSF,1,1,FALSE,-2.32,200,1,0,116,3.00E-04,0.002,0,-1.00E-04,0,FALSE
209,ResUnitSF,1,1,FALSE,-179.12,200,1,0,8956,3.00E-04,0.002,0,-1.00E-04,0,FALSE
210,ResUnitSF,1,1,FALSE,-4.78,200,1,0,239,3.00E-04,0.002,0,-1.00E-04,0,FALSE
211,ResUnitSF,1,1,FALSE,-3.44,200,1,0,172,3.00E-04,0.002,0,-1.00E-04,0,FALSE
212,ResUnitSF,1,1,FALSE,-18.88,200,1,0,944,3.00E-04,0.002,0,-1.00E-04,0,FALSE
213,ResUnitSF,1,1,FALSE,-37.64,200,1,0,1882,3.00E-04,0.002,0,-1.00E-04,0,FALSE
214,ResUnitSF,1,1,FALSE,-36.9,200,1,0,1845,3.00E-04,0.002,0,-1.00E-04,0,FALSE
215,ResUnitSF,1,1,FALSE,-11.36,200,1,0,568,3.00E-04,0.002,0,-1.00E-04,0,FALSE
216,ResUnitSF,1,1,FALSE,0,200,1,0,0,3.00E-04,0.002,0,-1.00E-04,0,FALSE
217,ResUnitSF,1,1,FALSE,-4.02,200,1,0,201,3.00E-04,0.002,0,-1.00E-04,0,FALSE
218,ResUnitSF,1,1,FALSE,-5.34,200,1,0,267,3.00E-04,0.002,0,-1.00E-04,0,FALSE
219,ResUnitSF,1,1,FALSE,-20.38,200,1,0,1019,3.00E-04,0.002,0,-1.00E-04,0,FALSE
220,ResUnitSF,1,1,FALSE,-97.8,200,1,0,4890,3.00E-04,0.002,0,-1.00E-04,0,FALSE
221,ResUnitSF,1,1,FALSE,-45.66,200,1,0,2283,3.00E-04,0.002,0,-1.00E-04,0,FALSE
222,ResUnitSF,1,1,FALSE,-42.54,200,1,0,2127,3.00E-04,0.002,0,-1.00E-04,0,FALSE
223,ResUnitSF,1,1,FALSE,0,200,1,0,0,3.00E-04,0.002,0,-1.00E-04,0,FALSE
224,ResUnitSF,1,1,FALSE,0,200,1,0,0,3.00E-04,0.002,0,-1.00E-04,0,FALSE
225,ResUnitSF,1,1,FALSE,0,200,1,0,0,3.00E-04,0.002,0,-1.00E-04,0,FALSE
226,ResUnitSF,1,1,FALSE,0,200,1,0,0,3.00E-04,0.002,0,-1.00E-04,0,FALSE
227,ResUnitSF,1,1,FALSE,0,200,1,0,0,3.00E-04,0.002,0,-1.00E-04,0,FALSE
228,ResUnitSF,1,1,FALSE,-0.02,200,1,0,1,3.00E-04,0.002,0,-1.00E-04,0,FALSE
229,ResUnitSF,1,1,FALSE,-10.78,200,1,0,539,3.00E-04,0.002,0,-1.00E-04,0,FALSE
-1,ResUnitMF,1,1,FALSE,0,0,1,0,0,0,0,0,-1.00E-04,0,FALSE
1,ResUnitMF,1,1,FALSE,-135.48,200,1,0,6774,3.00E-04,0.002,0,-1.00E-04,0,FALSE
2,ResUnitMF,1,1,FALSE,-129.26,200,1,0,6463,3.00E-04,0.002,0,-1.00E-04,0,FALSE
3,ResUnitMF,1,1,FALSE,-123.88,200,1,0,6194,3.00E-04,0.002,0,-1.00E-04,0,FALSE
4,ResUnitMF,1,1,FALSE,-24.2,200,1,0,1210,3.00E-04,0.002,0,-1.00E-04,0,FALSE
5,ResUnitMF,1,1,FALSE,-46.24,200,1,0,2312,3.00E-04,0.002,0,-1.00E-04,0,FALSE
6,ResUnitMF,1,1,FALSE,-25.04,200,1,0,1252,3.00E-04,0.002,0,-1.00E-04,0,FALSE
7,ResUnitMF,1,1,FALSE,-173.6,200,1,0,8680,3.00E-04,0.002,0,-1.00E-04,0,FALSE
8,ResUnitMF,1,1,FALSE,-85.02,200,1,0,4251,3.00E-04,0.002,0,-1.00E-04,0,FALSE
9,ResUnitMF,1,1,FALSE,-89.24,200,1,0,4462,3.00E-04,0.002,0,-1.00E-04,0,FALSE
10,ResUnitMF,1,1,FALSE,-48.02,200,1,0,2401,3.00E-04,0.002,0,-1.00E-04,0,FALSE
11,ResUnitMF,1,1,FALSE,-104.8,200,1,0,5240,3.00E-04,0.002,0,-1.00E-04,0,FALSE
12,ResUnitMF,1,1,FALSE,-46.9,200,1,0,2345,3.00E-04,0.002,0,-1.00E-04,0,FALSE
13,ResUnitMF,1,1,FALSE,-28.34,200,1,0,1417,3.00E-04,0.002,0,-1.00E-04,0,FALSE
14,ResUnitMF,1,1,FALSE,-33.02,200,1,0,1651,3.00E-04,0.002,0,-1.00E-04,0,FALSE
15,ResUnitMF,1,1,FALSE,-49.92,200,1,0,2496,3.00E-04,0.002,0,-1.00E-04,0,FALSE
16,ResUnitMF,1,1,FALSE,-43.72,200,1,0,2186,3.00E-04,0.002,0,-1.00E-04,0,FALSE
17,ResUnitMF,1,1,FALSE,-19.32,200,1,0,966,3.00E-04,0.002,0,-1.00E-04,0,FALSE
18,ResUnitMF,1,1,FALSE,-37.88,200,1,0,1894,3.00E-04,0.002,0,-1.00E-04,0,FALSE
19,ResUnitMF,1,1,FALSE,-154.24,200,1,0,7712,3.00E-04,0.002,0,-1.00E-04,0,FALSE
20,ResUnitMF,1,1,FALSE,-149.76,200,1,0,7488,3.00E-04,0.002,0,-1.00E-04,0,FALSE
21,ResUnitMF,1,1,FALSE,-60.98,200,1,0,3049,3.00E-04,0.002,0,-1.00E-04,0,FALSE
22,ResUnitMF,1,1,FALSE,-16.28,200,1,0,814,3.00E-04,0.002,0,-1.00E-04,0,FALSE
23,ResUnitMF,1,1,FALSE,-21.14,200,1,0,1057,3.00E-04,0.002,0,-1.00E-04,0,FALSE
24,ResUnitMF,1,1,FALSE,-6.54,200,1,0,327,3.00E-04,0.002,0,-1.00E-04,0,FALSE
25,ResUnitMF,1,1,FALSE,-184.86,200,1,0,9243,3.00E-04,0.002,0,-1.00E-04,0,FALSE
26,ResUnitMF,1,1,FALSE,-141.52,200,1,0,7076,3.00E-04,0.002,0,-1.00E-04,0,FALSE
27,ResUnitMF,1,1,FALSE,-41.16,200,1,0,2058,3.00E-04,0.002,0,-1.00E-04,0,FALSE
28,ResUnitMF,1,1,FALSE,-0.1,200,1,0,5,3.00E-04,0.002,0,-1.00E-04,0,FALSE
29,ResUnitMF,1,1,FALSE,-49.68,200,1,0,2484,3.00E-04,0.002,0,-1.00E-04,0,FALSE
30,ResUnitMF,1,1,FALSE,-2.44,200,1,0,122,3.00E-04,0.002,0,-1.00E-04,0,FALSE
31,ResUnitMF,1,1,FALSE,-0.5,200,1,0,25,3.00E-04,0.002,0,-1.00E-04,0,FALSE
32,ResUnitMF,1,1,FALSE,-8.1,200,1,0,405,3.00E-04,0.002,0,-1.00E-04,0,FALSE
33,ResUnitMF,1,1,FALSE,-6.58,200,1,0,329,3.00E-04,0.002,0,-1.00E-04,0,FALSE
34,ResUnitMF,1,1,FALSE,-14.58,200,1,0,729,3.00E-04,0.002,0,-1.00E-04,0,FALSE
35,ResUnitMF,1,1,FALSE,-49.8,200,1,0,2490,3.00E-04,0.002,0,-1.00E-04,0,FALSE
36,ResUnitMF,1,1,FALSE,-14.8,200,1,0,740,3.00E-04,0.002,0,-1.00E-04,0,FALSE
37,ResUnitMF,1,1,FALSE,-0.02,200,1,0,1,3.00E-04,0.002,0,-1.00E-04,0,FALSE
38,ResUnitMF,1,1,FALSE,0,200,1,0,0,3.00E-04,0.002,0,-1.00E-04,0,FALSE
39,ResUnitMF,1,1,FALSE,0,200,1,0,0,3.00E-04,0.002,0,-1.00E-04,0,FALSE
40,ResUnitMF,1,1,FALSE,-46.88,200,1,0,2344,3.00E-04,0.002,0,-1.00E-04,0,FALSE
41,ResUnitMF,1,1,FALSE,-14.84,200,1,0,742,3.00E-04,0.002,0,-1.00E-04,0,FALSE
42,ResUnitMF,1,1,FALSE,-31.58,200,1,0,1579,3.00E-04,0.002,0,-1.00E-04,0,FALSE
43,ResUnitMF,1,1,FALSE,-42.94,200,1,0,2147,3.00E-04,0.002,0,-1.00E-04,0,FALSE
44,ResUnitMF,1,1,FALSE,-39.92,200,1,0,1996,3.00E-04,0.002,0,-1.00E-04,0,FALSE
45,ResUnitMF,1,1,FALSE,-80.68,200,1,0,4034,3.00E-04,0.002,0,-1.00E-04,0,FALSE
46,ResUnitMF,1,1,FALSE,-54.4,200,1,0,2716,3.00E-04,0.002,0,-1.00E-04,0,FALSE
47,ResUnitMF,1,1,FALSE,0,200,1,0,0,3.00E-04,0.002,0,-1.00E-04,0,FALSE
48,ResUnitMF,1,1,FALSE,-33.38,200,1,0,1669,3.00E-04,0.002,0,-1.00E-04,0,FALSE
49,ResUnitMF,1,1,FALSE,-1.34,200,1,0,67,3.00E-04,0.002,0,-1.00E-04,0,FALSE
50,ResUnitMF,1,1,FALSE,-121.12,200,1,0,5941,3.00E-04,0.002,0,-1.00E-04,0,FALSE
51,ResUnitMF,1,1,FALSE,-34.74,200,1,0,1737,3.00E-04,0.002,0,-1.00E-04,0,FALSE
52,ResUnitMF,1,1,FALSE,-15.02,200,1,0,751,3.00E-04,0.002,0,-1.00E-04,0,FALSE
53,ResUnitMF,1,1,FALSE,0,200,1,0,0,3.00E-04,0.002,0,-1.00E-04,0,FALSE
54,ResUnitMF,1,1,FALSE,-16.12,200,1,0,806,3.00E-04,0.002,0,-1.00E-04,0,FALSE
55,ResUnitMF,1,1,FALSE,-138.56,200,1,0,700,3.00E-04,0.002,0,-1.00E-04,0,FALSE
56,ResUnitMF,1,1,FALSE,-226.9,200,1,0,11345,3.00E-04,0.002,0,-1.00E-04,0,FALSE
57,ResUnitMF,1,1,FALSE,-103.24,200,1,0,5154,3.00E-04,0.002,0,-1.00E-04,0,FALSE
58,ResUnitMF,1,1,FALSE,-48.54,200,1,0,2427,3.00E-04,0.002,0,-1.00E-04,0,FALSE
59,ResUnitMF,1,1,FALSE,-99.58,200,1,0,4979,3.00E-04,0.002,0,-1.00E-04,0,FALSE
60,ResUnitMF,1,1,FALSE,-120.06,200,1,0,6003,3.00E-04,0.002,0,-1.00E-04,0,FALSE
61,ResUnitMF,1,1,FALSE,-117.08,200,1,0,5854,3.00E-04,0.002,0,-1.00E-04,0,FALSE
62,ResUnitMF,1,1,FALSE,-29.78,200,1,0,1489,3.00E-04,0.002,0,-1.00E-04,0,FALSE
63,ResUnitMF,1,1,FALSE,-44.44,200,1,0,2202,3.00E-04,0.002,0,-1.00E-04,0,FALSE
64,ResUnitMF,1,1,FALSE,-25.7,200,1,0,1285,3.00E-04,0.002,0,-1.00E-04,0,FALSE
65,ResUnitMF,1,1,FALSE,0,200,1,0,0,3.00E-04,0.002,0,-1.00E-04,0,FALSE
66,ResUnitMF,1,1,FALSE,-28,200,1,0,1400,3.00E-04,0.002,0,-1.00E-04,0,FALSE
67,ResUnitMF,1,1,FALSE,-2.7,200,1,0,107,3.00E-04,0.002,0,-1.00E-04,0,FALSE
68,ResUnitMF,1,1,FALSE,-22.2,200,1,0,1102,3.00E-04,0.002,0,-1.00E-04,0,FALSE
69,ResUnitMF,1,1,FALSE,-133.96,200,1,0,6686,3.00E-04,0.002,0,-1.00E-04,0,FALSE
70,ResUnitMF,1,1,FALSE,-451.26,200,1,0,22533,3.00E-04,0.002,0,-1.00E-04,0,FALSE
71,ResUnitMF,1,1,FALSE,-57.14,200,1,0,2831,3.00E-04,0.002,0,-1.00E-04,0,FALSE
72,ResUnitMF,1,1,FALSE,-3.1,200,1,0,155,3.00E-04,0.002,0,-1.00E-04,0,FALSE
73,ResUnitMF,1,1,FALSE,-67.84,200,1,0,3390,3.00E-04,0.002,0,-1.00E-04,0,FALSE
74,ResUnitMF,1,1,FALSE,-62.98,200,1,0,3149,3.00E-04,0.002,0,-1.00E-04,0,FALSE
75,ResUnitMF,1,1,FALSE,-120.28,200,1,0,5901,3.00E-04,0.002,0,-1.00E-04,0,FALSE
76,ResUnitMF,1,1,FALSE,-62.58,200,1,0,3129,3.00E-04,0.002,0,-1.00E-04,0,FALSE
77,ResUnitMF,1,1,FALSE,-158.2,200,1,0,7894,3.00E-04,0.002,0,-1.00E-04,0,FALSE
78,ResUnitMF,1,1,FALSE,-86.08,200,1,0,4304,3.00E-04,0.002,0,-1.00E-04,0,FALSE
79,ResUnitMF,1,1,FALSE,-69.88,200,1,0,3494,3.00E-04,0.002,0,-1.00E-04,0,FALSE
80,ResUnitMF,1,1,FALSE,-92.14,200,1,0,4607,3.00E-04,0.002,0,-1.00E-04,0,FALSE
81,ResUnitMF,1,1,FALSE,-58.56,200,1,0,2928,3.00E-04,0.002,0,-1.00E-04,0,FALSE
82,ResUnitMF,1,1,FALSE,0,200,1,0,147,3.00E-04,0.002,0,-1.00E-04,0,FALSE
83,ResUnitMF,1,1,FALSE,-39.76,200,1,0,1988,3.00E-04,0.002,0,-1.00E-04,0,FALSE
84,ResUnitMF,1,1,FALSE,-228.3,200,1,0,11375,3.00E-04,0.002,0,-1.00E-04,0,FALSE
85,ResUnitMF,1,1,FALSE,-386.4,200,1,0,19308,3.00E-04,0.002,0,-1.00E-04,0,FALSE
86,ResUnitMF,1,1,FALSE,-291.48,200,1,0,14572,3.00E-04,0.002,0,-1.00E-04,0,FALSE
87,ResUnitMF,1,1,FALSE,-280.2,200,1,0,13998,3.00E-04,0.002,0,-1.00E-04,0,FALSE
88,ResUnitMF,1,1,FALSE,-467.38,200,1,0,23361,3.00E-04,0.002,0,-1.00E-04,0,FALSE
89,ResUnitMF,1,1,FALSE,-91.2,200,1,0,4560,3.00E-04,0.002,0,-1.00E-04,0,FALSE
90,ResUnitMF,1,1,FALSE,-117.1,200,1,0,5855,3.00E-04,0.002,0,-1.00E-04,0,FALSE
91,ResUnitMF,1,1,FALSE,-2.8,200,1,0,140,3.00E-04,0.002,0,-1.00E-04,0,FALSE
92,ResUnitMF,1,1,FALSE,-16.68,200,1,0,834,3.00E-04,0.002,0,-1.00E-04,0,FALSE
93,ResUnitMF,1,1,FALSE,-529.2,200,1,0,26388,3.00E-04,0.002,0,-1.00E-04,0,FALSE
94,ResUnitMF,1,1,FALSE,-284.62,200,1,0,14223,3.00E-04,0.002,0,-1.00E-04,0,FALSE
95,ResUnitMF,1,1,FALSE,-83.86,200,1,0,4183,3.00E-04,0.002,0,-1.00E-04,0,FALSE
96,ResUnitMF,1,1,FALSE,-212.4,200,1,0,10612,3.00E-04,0.002,0,-1.00E-04,0,FALSE
97,ResUnitMF,1,1,FALSE,-1.7,200,1,0,85,3.00E-04,0.002,0,-1.00E-04,0,FALSE
98,ResUnitMF,1,1,FALSE,-96.6,200,1,0,4830,3.00E-04,0.002,0,-1.00E-04,0,FALSE
99,ResUnitMF,1,1,FALSE,-105.24,200,1,0,5247,3.00E-04,0.002,0,-1.00E-04,0,FALSE
100,ResUnitMF,1,1,FALSE,-147.88,200,1,0,7390,3.00E-04,0.002,0,-1.00E-04,0,FALSE
101,ResUnitMF,1,1,FALSE,-76.94,200,1,0,3854,3.00E-04,0.002,0,-1.00E-04,0,FALSE
102,ResUnitMF,1,1,FALSE,-0.16,200,1,0,8,3.00E-04,0.002,0,-1.00E-04,0,FALSE
103,ResUnitMF,1,1,FALSE,-1057.64,200,1,0,52882,3.00E-04,0.002,0,-1.00E-04,0,FALSE
104,ResUnitMF,1,1,FALSE,-76.8,200,1,0,3840,3.00E-04,0.002,0,-1.00E-04,0,FALSE
105,ResUnitMF,1,1,FALSE,-3.82,200,1,0,191,3.00E-04,0.002,0,-1.00E-04,0,FALSE
106,ResUnitMF,1,1,FALSE,-119.2,200,1,0,5958,3.00E-04,0.002,0,-1.00E-04,0,FALSE
107,ResUnitMF,1,1,FALSE,-70.36,200,1,0,3518,3.00E-04,0.002,0,-1.00E-04,0,FALSE
108,ResUnitMF,1,1,FALSE,-155.58,200,1,0,7779,3.00E-04,0.002,0,-1.00E-04,0,FALSE
109,ResUnitMF,1,1,FALSE,-51.56,200,1,0,2578,3.00E-04,0.002,0,-1.00E-04,0,FALSE
110,ResUnitMF,1,1,FALSE,-15.78,200,1,0,787,3.00E-04,0.002,0,-1.00E-04,0,FALSE
111,ResUnitMF,1,1,FALSE,-41.08,200,1,0,2054,3.00E-04,0.002,0,-1.00E-04,0,FALSE
112,ResUnitMF,1,1,FALSE,-343.32,200,1,0,17166,3.00E-04,0.002,0,-1.00E-04,0,FALSE
113,ResUnitMF,1,1,FALSE,-479.84,200,1,0,23992,3.00E-04,0.002,0,-1.00E-04,0,FALSE
114,ResUnitMF,1,1,FALSE,-139.78,200,1,0,6989,3.00E-04,0.002,0,-1.00E-04,0,FALSE
115,ResUnitMF,1,1,FALSE,-48.74,200,1,0,2437,3.00E-04,0.002,0,-1.00E-04,0,FALSE
116,ResUnitMF,1,1,FALSE,-199.92,200,1,0,9996,3.00E-04,0.002,0,-1.00E-04,0,FALSE
117,ResUnitMF,1,1,FALSE,-3.72,200,1,0,186,3.00E-04,0.002,0,-1.00E-04,0,FALSE
118,ResUnitMF,1,1,FALSE,-189.44,200,1,0,9472,3.00E-04,0.002,0,-1.00E-04,0,FALSE
119,ResUnitMF,1,1,FALSE,-389.04,200,1,0,19452,3.00E-04,0.002,0,-1.00E-04,0,FALSE
120,ResUnitMF,1,1,FALSE,-44.66,200,1,0,2233,3.00E-04,0.002,0,-1.00E-04,0,FALSE
121,ResUnitMF,1,1,FALSE,-58.1,200,1,0,2905,3.00E-04,0.002,0,-1.00E-04,0,FALSE
122,ResUnitMF,1,1,FALSE,-250.24,200,1,0,12498,3.00E-04,0.002,0,-1.00E-04,0,FALSE
123,ResUnitMF,1,1,FALSE,-100.98,200,1,0,5049,3.00E-04,0.002,0,-1.00E-04,0,FALSE
124,ResUnitMF,1,1,FALSE,-94.26,200,1,0,4713,3.00E-04,0.002,0,-1.00E-04,0,FALSE
125,ResUnitMF,1,1,FALSE,-85.22,200,1,0,4259,3.00E-04,0.002,0,-1.00E-04,0,FALSE
126,ResUnitMF,1,1,FALSE,0,200,1,0,0,3.00E-04,0.002,0,-1.00E-04,0,FALSE
127,ResUnitMF,1,1,FALSE,-13.28,200,1,0,664,3.00E-04,0.002,0,-1.00E-04,0,FALSE
128,ResUnitMF,1,1,FALSE,-36.12,200,1,0,1806,3.00E-04,0.002,0,-1.00E-04,0,FALSE
129,ResUnitMF,1,1,FALSE,-78.6,200,1,0,3930,3.00E-04,0.002,0,-1.00E-04,0,FALSE
130,ResUnitMF,1,1,FALSE,-1.66,200,1,0,83,3.00E-04,0.002,0,-1.00E-04,0,FALSE
131,ResUnitMF,1,1,FALSE,-29.38,200,1,0,1469,3.00E-04,0.002,0,-1.00E-04,0,FALSE
132,ResUnitMF,1,1,FALSE,-57.78,200,1,0,2889,3.00E-04,0.002,0,-1.00E-04,0,FALSE
133,ResUnitMF,1,1,FALSE,0,200,1,0,0,3.00E-04,0.002,0,-1.00E-04,0,FALSE
134,ResUnitMF,1,1,FALSE,-2.26,200,1,0,113,3.00E-04,0.002,0,-1.00E-04,0,FALSE
135,ResUnitMF,1,1,FALSE,-71.94,200,1,0,3597,3.00E-04,0.002,0,-1.00E-04,0,FALSE
136,ResUnitMF,1,1,FALSE,-184.2,200,1,0,9210,3.00E-04,0.002,0,-1.00E-04,0,FALSE
137,ResUnitMF,1,1,FALSE,-210,200,1,0,10500,3.00E-04,0.002,0,-1.00E-04,0,FALSE
138,ResUnitMF,1,1,FALSE,-26.9,200,1,0,1345,3.00E-04,0.002,0,-1.00E-04,0,FALSE
139,ResUnitMF,1,1,FALSE,-64.82,200,1,0,3241,3.00E-04,0.002,0,-1.00E-04,0,FALSE
140,ResUnitMF,1,1,FALSE,-96.56,200,1,0,4828,3.00E-04,0.002,0,-1.00E-04,0,FALSE
141,ResUnitMF,1,1,FALSE,-291.14,200,1,0,14557,3.00E-04,0.002,0,-1.00E-04,0,FALSE
142,ResUnitMF,1,1,FALSE,-148.1,200,1,0,7405,3.00E-04,0.002,0,-1.00E-04,0,FALSE
143,ResUnitMF,1,1,FALSE,-40.92,200,1,0,2046,3.00E-04,0.002,0,-1.00E-04,0,FALSE
144,ResUnitMF,1,1,FALSE,-48.28,200,1,0,2414,3.00E-04,0.002,0,-1.00E-04,0,FALSE
145,ResUnitMF,1,1,FALSE,-14.02,200,1,0,701,3.00E-04,0.002,0,-1.00E-04,0,FALSE
146,ResUnitMF,1,1,FALSE,-37.88,200,1,0,1894,3.00E-04,0.002,0,-1.00E-04,0,FALSE
147,ResUnitMF,1,1,FALSE,-28.08,200,1,0,1404,3.00E-04,0.002,0,-1.00E-04,0,FALSE
148,ResUnitMF,1,1,FALSE,-52.72,200,1,0,2636,3.00E-04,0.002,0,-1.00E-04,0,FALSE
149,ResUnitMF,1,1,FALSE,0,200,1,0,0,3.00E-04,0.002,0,-1.00E-04,0,FALSE
150,ResUnitMF,1,1,FALSE,-22.72,200,1,0,1136,3.00E-04,0.002,0,-1.00E-04,0,FALSE
151,ResUnitMF,1,1,FALSE,-57.82,200,1,0,2891,3.00E-04,0.002,0,-1.00E-04,0,FALSE
152,ResUnitMF,1,1,FALSE,-5,200,1,0,250,3.00E-04,0.002,0,-1.00E-04,0,FALSE
153,ResUnitMF,1,1,FALSE,-20.26,200,1,0,1013,3.00E-04,0.002,0,-1.00E-04,0,FALSE
154,ResUnitMF,1,1,FALSE,-8.5,200,1,0,425,3.00E-04,0.002,0,-1.00E-04,0,FALSE
155,ResUnitMF,1,1,FALSE,-0.02,200,1,0,1,3.00E-04,0.002,0,-1.00E-04,0,FALSE
156,ResUnitMF,1,1,FALSE,-46.84,200,1,0,2342,3.00E-04,0.002,0,-1.00E-04,0,FALSE
157,ResUnitMF,1,1,FALSE,0,200,1,0,0,3.00E-04,0.002,0,-1.00E-04,0,FALSE
158,ResUnitMF,1,1,FALSE,0,200,1,0,0,3.00E-04,0.002,0,-1.00E-04,0,FALSE
159,ResUnitMF,1,1,FALSE,-119.8,200,1,0,5990,3.00E-04,0.002,0,-1.00E-04,0,FALSE
160,ResUnitMF,1,1,FALSE,-0.2,200,1,0,10,3.00E-04,0.002,0,-1.00E-04,0,FALSE
161,ResUnitMF,1,1,FALSE,-6.42,200,1,0,321,3.00E-04,0.002,0,-1.00E-04,0,FALSE
162,ResUnitMF,1,1,FALSE,-3.14,200,1,0,157,3.00E-04,0.002,0,-1.00E-04,0,FALSE
163,ResUnitMF,1,1,FALSE,-0.38,200,1,0,19,3.00E-04,0.002,0,-1.00E-04,0,FALSE
164,ResUnitMF,1,1,FALSE,-12.02,200,1,0,601,3.00E-04,0.002,0,-1.00E-04,0,FALSE
165,ResUnitMF,1,1,FALSE,-0.02,200,1,0,1,3.00E-04,0.002,0,-1.00E-04,0,FALSE
166,ResUnitMF,1,1,FALSE,0,200,1,0,0,3.00E-04,0.002,0,-1.00E-04,0,FALSE
167,ResUnitMF,1,1,FALSE,-1.2,200,1,0,60,3.00E-04,0.002,0,-1.00E-04,0,FALSE
168,ResUnitMF,1,1,FALSE,0,200,1,0,0,3.00E-04,0.002,0,-1.00E-04,0,FALSE
169,ResUnitMF,1,1,FALSE,-68.1,200,1,0,3405,3.00E-04,0.002,0,-1.00E-04,0,FALSE
170,ResUnitMF,1,1,FALSE,-0.98,200,1,0,49,3.00E-04,0.002,0,-1.00E-04,0,FALSE
171,ResUnitMF,1,1,FALSE,-38.96,200,1,0,1948,3.00E-04,0.002,0,-1.00E-04,0,FALSE
172,ResUnitMF,1,1,FALSE,-5.44,200,1,0,272,3.00E-04,0.002,0,-1.00E-04,0,FALSE
173,ResUnitMF,1,1,FALSE,0,200,1,0,0,3.00E-04,0.002,0,-1.00E-04,0,FALSE
174,ResUnitMF,1,1,FALSE,-0.02,200,1,0,1,3.00E-04,0.002,0,-1.00E-04,0,FALSE
175,ResUnitMF,1,1,FALSE,0,200,1,0,0,3.00E-04,0.002,0,-1.00E-04,0,FALSE
176,ResUnitMF,1,1,FALSE,0,200,1,0,0,3.00E-04,0.002,0,-1.00E-04,0,FALSE
177,ResUnitMF,1,1,FALSE,-0.2,200,1,0,10,3.00E-04,0.002,0,-1.00E-04,0,FALSE
178,ResUnitMF,1,1,FALSE,-0.02,200,1,0,1,3.00E-04,0.002,0,-1.00E-04,0,FALSE
179,ResUnitMF,1,1,FALSE,0,200,1,0,0,3.00E-04,0.002,0,-1.00E-04,0,FALSE
180,ResUnitMF,1,1,FALSE,-3.68,200,1,0,184,3.00E-04,0.002,0,-1.00E-04,0,FALSE
181,ResUnitMF,1,1,FALSE,-36.12,200,1,0,1806,3.00E-04,0.002,0,-1.00E-04,0,FALSE
182,ResUnitMF,1,1,FALSE,0,200,1,0,0,3.00E-04,0.002,0,-1.00E-04,0,FALSE
183,ResUnitMF,1,1,FALSE,-0.64,200,1,0,32,3.00E-04,0.002,0,-1.00E-04,0,FALSE
184,ResUnitMF,1,1,FALSE,-7.18,200,1,0,359,3.00E-04,0.002,0,-1.00E-04,0,FALSE
185,ResUnitMF,1,1,FALSE,-108.78,200,1,0,5439,3.00E-04,0.002,0,-1.00E-04,0,FALSE
186,ResUnitMF,1,1,FALSE,-0.06,200,1,0,3,3.00E-04,0.002,0,-1.00E-04,0,FALSE
187,ResUnitMF,1,1,FALSE,-1.96,200,1,0,98,3.00E-04,0.002,0,-1.00E-04,0,FALSE
188,ResUnitMF,1,1,FALSE,-0.06,200,1,0,3,3.00E-04,0.002,0,-1.00E-04,0,FALSE
189,ResUnitMF,1,1,FALSE,-2.44,200,1,0,122,3.00E-04,0.002,0,-1.00E-04,0,FALSE
190,ResUnitMF,1,1,FALSE,0,200,1,0,0,3.00E-04,0.002,0,-1.00E-04,0,FALSE
191,ResUnitMF,1,1,FALSE,0,200,1,0,0,3.00E-04,0.002,0,-1.00E-04,0,FALSE
192,ResUnitMF,1,1,FALSE,-81.34,200,1,0,4067,3.00E-04,0.002,0,-1.00E-04,0,FALSE
193,ResUnitMF,1,1,FALSE,0,200,1,0,0,3.00E-04,0.002,0,-1.00E-04,0,FALSE
194,ResUnitMF,1,1,FALSE,-0.02,200,1,0,1,3.00E-04,0.002,0,-1.00E-04,0,FALSE
195,ResUnitMF,1,1,FALSE,-0.34,200,1,0,17,3.00E-04,0.002,0,-1.00E-04,0,FALSE
196,ResUnitMF,1,1,FALSE,-0.18,200,1,0,9,3.00E-04,0.002,0,-1.00E-04,0,FALSE
197,ResUnitMF,1,1,FALSE,-0.04,200,1,0,2,3.00E-04,0.002,0,-1.00E-04,0,FALSE
198,ResUnitMF,1,1,FALSE,-37.88,200,1,0,1894,3.00E-04,0.002,0,-1.00E-04,0,FALSE
199,ResUnitMF,1,1,FALSE,-0.88,200,1,0,44,3.00E-04,0.002,0,-1.00E-04,0,FALSE
200,ResUnitMF,1,1,FALSE,0,200,1,0,0,3.00E-04,0.002,0,-1.00E-04,0,FALSE
201,ResUnitMF,1,1,FALSE,0,200,1,0,0,3.00E-04,0.002,0,-1.00E-04,0,FALSE
202,ResUnitMF,1,1,FALSE,0,200,1,0,0,3.00E-04,0.002,0,-1.00E-04,0,FALSE
203,ResUnitMF,1,1,FALSE,0,200,1,0,0,3.00E-04,0.002,0,-1.00E-04,0,FALSE
204,ResUnitMF,1,1,FALSE,-0.38,200,1,0,19,3.00E-04,0.002,0,-1.00E-04,0,FALSE
205,ResUnitMF,1,1,FALSE,0,200,1,0,0,3.00E-04,0.002,0,-1.00E-04,0,FALSE
206,ResUnitMF,1,1,FALSE,-2.82,200,1,0,141,3.00E-04,0.002,0,-1.00E-04,0,FALSE
207,ResUnitMF,1,1,FALSE,-0.08,200,1,0,4,3.00E-04,0.002,0,-1.00E-04,0,FALSE
208,ResUnitMF,1,1,FALSE,-0.4,200,1,0,20,3.00E-04,0.002,0,-1.00E-04,0,FALSE
209,ResUnitMF,1,1,FALSE,-10.6,200,1,0,530,3.00E-04,0.002,0,-1.00E-04,0,FALSE
210,ResUnitMF,1,1,FALSE,-1.54,200,1,0,77,3.00E-04,0.002,0,-1.00E-04,0,FALSE
211,ResUnitMF,1,1,FALSE,-0.2,200,1,0,10,3.00E-04,0.002,0,-1.00E-04,0,FALSE
212,ResUnitMF,1,1,FALSE,-0.66,200,1,0,33,3.00E-04,0.002,0,-1.00E-04,0,FALSE
213,ResUnitMF,1,1,FALSE,-0.1,200,1,0,5,3.00E-04,0.002,0,-1.00E-04,0,FALSE
214,ResUnitMF,1,1,FALSE,-1.18,200,1,0,59,3.00E-04,0.002,0,-1.00E-04,0,FALSE
215,ResUnitMF,1,1,FALSE,-0.18,200,1,0,9,3.00E-04,0.002,0,-1.00E-04,0,FALSE
216,ResUnitMF,1,1,FALSE,0,200,1,0,0,3.00E-04,0.002,0,-1.00E-04,0,FALSE
217,ResUnitMF,1,1,FALSE,0,200,1,0,0,3.00E-04,0.002,0,-1.00E-04,0,FALSE
218,ResUnitMF,1,1,FALSE,-0.04,200,1,0,2,3.00E-04,0.002,0,-1.00E-04,0,FALSE
219,ResUnitMF,1,1,FALSE,-9.98,200,1,0,499,3.00E-04,0.002,0,-1.00E-04,0,FALSE
220,ResUnitMF,1,1,FALSE,-52.06,200,1,0,2603,3.00E-04,0.002,0,-1.00E-04,0,FALSE
221,ResUnitMF,1,1,FALSE,-13,200,1,0,650,3.00E-04,0.002,0,-1.00E-04,0,FALSE
222,ResUnitMF,1,1,FALSE,-59.14,200,1,0,2957,3.00E-04,0.002,0,-1.00E-04,0,FALSE
223,ResUnitMF,1,1,FALSE,0,200,1,0,0,3.00E-04,0.002,0,-1.00E-04,0,FALSE
224,ResUnitMF,1,1,FALSE,0,200,1,0,0,3.00E-04,0.002,0,-1.00E-04,0,FALSE
225,ResUnitMF,1,1,FALSE,-67.84,200,1,0,3390,3.00E-04,0.002,0,-1.00E-04,0,FALSE
226,ResUnitMF,1,1,FALSE,-6.74,200,1,0,337,3.00E-04,0.002,0,-1.00E-04,0,FALSE
227,ResUnitMF,1,1,FALSE,-3.22,200,1,0,161,3.00E-04,0.002,0,-1.00E-04,0,FALSE
228,ResUnitMF,1,1,FALSE,-0.04,200,1,0,2,3.00E-04,0.002,0,-1.00E-04,0,FALSE
229,ResUnitMF,1,1,FALSE,-29.48,200,1,0,1474,3.00E-04,0.002,0,-1.00E-04,0,FALSE
-1,ResUnitMH,1,1,FALSE,0,0,1,0,0,0,0,0,-1.00E-04,0,FALSE
1,ResUnitMH,1,1,FALSE,-19.24,200,1,0,962,3.00E-04,0.002,0,-1.00E-04,0,FALSE
2,ResUnitMH,1,1,FALSE,-1.4,200,1,0,70,3.00E-04,0.002,0,-1.00E-04,0,FALSE
3,ResUnitMH,1,1,FALSE,-38.84,200,1,0,1942,3.00E-04,0.002,0,-1.00E-04,0,FALSE
4,ResUnitMH,1,1,FALSE,0,200,1,0,0,3.00E-04,0.002,0,-1.00E-04,0,FALSE
5,ResUnitMH,1,1,FALSE,0,200,1,0,0,3.00E-04,0.002,0,-1.00E-04,0,FALSE
6,ResUnitMH,1,1,FALSE,-6.5,200,1,0,325,3.00E-04,0.002,0,-1.00E-04,0,FALSE
7,ResUnitMH,1,1,FALSE,-16.18,200,1,0,809,3.00E-04,0.002,0,-1.00E-04,0,FALSE
8,ResUnitMH,1,1,FALSE,-17.64,200,1,0,882,3.00E-04,0.002,0,-1.00E-04,0,FALSE
9,ResUnitMH,1,1,FALSE,-3.3,200,1,0,165,3.00E-04,0.002,0,-1.00E-04,0,FALSE
10,ResUnitMH,1,1,FALSE,0,200,1,0,0,3.00E-04,0.002,0,-1.00E-04,0,FALSE
11,ResUnitMH,1,1,FALSE,-0.5,200,1,0,25,3.00E-04,0.002,0,-1.00E-04,0,FALSE
12,ResUnitMH,1,1,FALSE,-2.62,200,1,0,131,3.00E-04,0.002,0,-1.00E-04,0,FALSE
13,ResUnitMH,1,1,FALSE,-10.02,200,1,0,501,3.00E-04,0.002,0,-1.00E-04,0,FALSE
14,ResUnitMH,1,1,FALSE,0,200,1,0,0,3.00E-04,0.002,0,-1.00E-04,0,FALSE
15,ResUnitMH,1,1,FALSE,0,200,1,0,0,3.00E-04,0.002,0,-1.00E-04,0,FALSE
16,ResUnitMH,1,1,FALSE,0,200,1,0,0,3.00E-04,0.002,0,-1.00E-04,0,FALSE
17,ResUnitMH,1,1,FALSE,0,200,1,0,0,3.00E-04,0.002,0,-1.00E-04,0,FALSE
18,ResUnitMH,1,1,FALSE,-15.92,200,1,0,796,3.00E-04,0.002,0,-1.00E-04,0,FALSE
19,ResUnitMH,1,1,FALSE,-39.12,200,1,0,1956,3.00E-04,0.002,0,-1.00E-04,0,FALSE
20,ResUnitMH,1,1,FALSE,-15.9,200,1,0,795,3.00E-04,0.002,0,-1.00E-04,0,FALSE
21,ResUnitMH,1,1,FALSE,-17.34,200,1,0,867,3.00E-04,0.002,0,-1.00E-04,0,FALSE
22,ResUnitMH,1,1,FALSE,-6.96,200,1,0,348,3.00E-04,0.002,0,-1.00E-04,0,FALSE
23,ResUnitMH,1,1,FALSE,-8.1,200,1,0,405,3.00E-04,0.002,0,-1.00E-04,0,FALSE
24,ResUnitMH,1,1,FALSE,-1.78,200,1,0,89,3.00E-04,0.002,0,-1.00E-04,0,FALSE
25,ResUnitMH,1,1,FALSE,-1.54,200,1,0,77,3.00E-04,0.002,0,-1.00E-04,0,FALSE
26,ResUnitMH,1,1,FALSE,-25.1,200,1,0,1255,3.00E-04,0.002,0,-1.00E-04,0,FALSE
27,ResUnitMH,1,1,FALSE,-8.02,200,1,0,401,3.00E-04,0.002,0,-1.00E-04,0,FALSE
28,ResUnitMH,1,1,FALSE,0,200,1,0,0,3.00E-04,0.002,0,-1.00E-04,0,FALSE
29,ResUnitMH,1,1,FALSE,-4.66,200,1,0,233,3.00E-04,0.002,0,-1.00E-04,0,FALSE
30,ResUnitMH,1,1,FALSE,0,200,1,0,0,3.00E-04,0.002,0,-1.00E-04,0,FALSE
31,ResUnitMH,1,1,FALSE,0,200,1,0,0,3.00E-04,0.002,0,-1.00E-04,0,FALSE
32,ResUnitMH,1,1,FALSE,0,200,1,0,0,3.00E-04,0.002,0,-1.00E-04,0,FALSE
33,ResUnitMH,1,1,FALSE,0,200,1,0,0,3.00E-04,0.002,0,-1.00E-04,0,FALSE
34,ResUnitMH,1,1,FALSE,0,200,1,0,0,3.00E-04,0.002,0,-1.00E-04,0,FALSE
35,ResUnitMH,1,1,FALSE,-8.8,200,1,0,440,3.00E-04,0.002,0,-1.00E-04,0,FALSE
36,ResUnitMH,1,1,FALSE,-5.24,200,1,0,262,3.00E-04,0.002,0,-1.00E-04,0,FALSE
37,ResUnitMH,1,1,FALSE,0,200,1,0,0,3.00E-04,0.002,0,-1.00E-04,0,FALSE
38,ResUnitMH,1,1,FALSE,0,200,1,0,0,3.00E-04,0.002,0,-1.00E-04,0,FALSE
39,ResUnitMH,1,1,FALSE,0,200,1,0,0,3.00E-04,0.002,0,-1.00E-04,0,FALSE
40,ResUnitMH,1,1,FALSE,0,200,1,0,0,3.00E-04,0.002,0,-1.00E-04,0,FALSE
41,ResUnitMH,1,1,FALSE,0,200,1,0,0,3.00E-04,0.002,0,-1.00E-04,0,FALSE
42,ResUnitMH,1,1,FALSE,0,200,1,0,0,3.00E-04,0.002,0,-1.00E-04,0,FALSE
43,ResUnitMH,1,1,FALSE,0,200,1,0,0,3.00E-04,0.002,0,-1.00E-04,0,FALSE
44,ResUnitMH,1,1,FALSE,0,200,1,0,0,3.00E-04,0.002,0,-1.00E-04,0,FALSE
45,ResUnitMH,1,1,FALSE,0,200,1,0,0,3.00E-04,0.002,0,-1.00E-04,0,FALSE
46,ResUnitMH,1,1,FALSE,0,200,1,0,0,3.00E-04,0.002,0,-1.00E-04,0,FALSE
47,ResUnitMH,1,1,FALSE,0,200,1,0,0,3.00E-04,0.002,0,-1.00E-04,0,FALSE
48,ResUnitMH,1,1,FALSE,0,200,1,0,0,3.00E-04,0.002,0,-1.00E-04,0,FALSE
49,ResUnitMH,1,1,FALSE,0,200,1,0,0,3.00E-04,0.002,0,-1.00E-04,0,FALSE
50,ResUnitMH,1,1,FALSE,0,200,1,0,0,3.00E-04,0.002,0,-1.00E-04,0,FALSE
51,ResUnitMH,1,1,FALSE,0,200,1,0,0,3.00E-04,0.002,0,-1.00E-04,0,FALSE
52,ResUnitMH,1,1,FALSE,0,200,1,0,0,3.00E-04,0.002,0,-1.00E-04,0,FALSE
53,ResUnitMH,1,1,FALSE,0,200,1,0,0,3.00E-04,0.002,0,-1.00E-04,0,FALSE
54,ResUnitMH,1,1,FALSE,0,200,1,0,0,3.00E-04,0.002,0,-1.00E-04,0,FALSE
55,ResUnitMH,1,1,FALSE,0,200,1,0,0,3.00E-04,0.002,0,-1.00E-04,0,FALSE
56,ResUnitMH,1,1,FALSE,0,200,1,0,0,3.00E-04,0.002,0,-1.00E-04,0,FALSE
57,ResUnitMH,1,1,FALSE,0,200,1,0,0,3.00E-04,0.002,0,-1.00E-04,0,FALSE
58,ResUnitMH,1,1,FALSE,0,200,1,0,0,3.00E-04,0.002,0,-1.00E-04,0,FALSE
59,ResUnitMH,1,1,FALSE,0,200,1,0,0,3.00E-04,0.002,0,-1.00E-04,0,FALSE
60,ResUnitMH,1,1,FALSE,0,200,1,0,0,3.00E-04,0.002,0,-1.00E-04,0,FALSE
61,ResUnitMH,1,1,FALSE,0,200,1,0,0,3.00E-04,0.002,0,-1.00E-04,0,FALSE
62,ResUnitMH,1,1,FALSE,0,200,1,0,0,3.00E-04,0.002,0,-1.00E-04,0,FALSE
63,ResUnitMH,1,1,FALSE,0,200,1,0,0,3.00E-04,0.002,0,-1.00E-04,0,FALSE
64,ResUnitMH,1,1,FALSE,0,200,1,0,0,3.00E-04,0.002,0,-1.00E-04,0,FALSE
65,ResUnitMH,1,1,FALSE,0,200,1,0,0,3.00E-04,0.002,0,-1.00E-04,0,FALSE
66,ResUnitMH,1,1,FALSE,0,200,1,0,0,3.00E-04,0.002,0,-1.00E-04,0,FALSE
67,ResUnitMH,1,1,FALSE,0,200,1,0,0,3.00E-04,0.002,0,-1.00E-04,0,FALSE
68,ResUnitMH,1,1,FALSE,0,200,1,0,0,3.00E-04,0.002,0,-1.00E-04,0,FALSE
69,ResUnitMH,1,1,FALSE,0,200,1,0,0,3.00E-04,0.002,0,-1.00E-04,0,FALSE
70,ResUnitMH,1,1,FALSE,0,200,1,0,0,3.00E-04,0.002,0,-1.00E-04,0,FALSE
71,ResUnitMH,1,1,FALSE,0,200,1,0,0,3.00E-04,0.002,0,-1.00E-04,0,FALSE
72,ResUnitMH,1,1,FALSE,0,200,1,0,0,3.00E-04,0.002,0,-1.00E-04,0,FALSE
73,ResUnitMH,1,1,FALSE,-2.4,200,1,0,120,3.00E-04,0.002,0,-1.00E-04,0,FALSE
74,ResUnitMH,1,1,FALSE,0,200,1,0,0,3.00E-04,0.002,0,-1.00E-04,0,FALSE
75,ResUnitMH,1,1,FALSE,0,200,1,0,0,3.00E-04,0.002,0,-1.00E-04,0,FALSE
76,ResUnitMH,1,1,FALSE,0,200,1,0,0,3.00E-04,0.002,0,-1.00E-04,0,FALSE
77,ResUnitMH,1,1,FALSE,0,200,1,0,0,3.00E-04,0.002,0,-1.00E-04,0,FALSE
78,ResUnitMH,1,1,FALSE,-4.4,200,1,0,220,3.00E-04,0.002,0,-1.00E-04,0,FALSE
79,ResUnitMH,1,1,FALSE,0,200,1,0,0,3.00E-04,0.002,0,-1.00E-04,0,FALSE
80,ResUnitMH,1,1,FALSE,0,200,1,0,0,3.00E-04,0.002,0,-1.00E-04,0,FALSE
81,ResUnitMH,1,1,FALSE,0,200,1,0,0,3.00E-04,0.002,0,-1.00E-04,0,FALSE
82,ResUnitMH,1,1,FALSE,0,200,1,0,0,3.00E-04,0.002,0,-1.00E-04,0,FALSE
83,ResUnitMH,1,1,FALSE,0,200,1,0,0,3.00E-04,0.002,0,-1.00E-04,0,FALSE
84,ResUnitMH,1,1,FALSE,0,200,1,0,0,3.00E-04,0.002,0,-1.00E-04,0,FALSE
85,ResUnitMH,1,1,FALSE,0,200,1,0,0,3.00E-04,0.002,0,-1.00E-04,0,FALSE
86,ResUnitMH,1,1,FALSE,0,200,1,0,0,3.00E-04,0.002,0,-1.00E-04,0,FALSE
87,ResUnitMH,1,1,FALSE,-5.04,200,1,0,252,3.00E-04,0.002,0,-1.00E-04,0,FALSE
88,ResUnitMH,1,1,FALSE,0,200,1,0,0,3.00E-04,0.002,0,-1.00E-04,0,FALSE
89,ResUnitMH,1,1,FALSE,0,200,1,0,0,3.00E-04,0.002,0,-1.00E-04,0,FALSE
90,ResUnitMH,1,1,FALSE,0,200,1,0,0,3.00E-04,0.002,0,-1.00E-04,0,FALSE
91,ResUnitMH,1,1,FALSE,0,200,1,0,0,3.00E-04,0.002,0,-1.00E-04,0,FALSE
92,ResUnitMH,1,1,FALSE,0,200,1,0,0,3.00E-04,0.002,0,-1.00E-04,0,FALSE
93,ResUnitMH,1,1,FALSE,0,200,1,0,0,3.00E-04,0.002,0,-1.00E-04,0,FALSE
94,ResUnitMH,1,1,FALSE,0,200,1,0,0,3.00E-04,0.002,0,-1.00E-04,0,FALSE
95,ResUnitMH,1,1,FALSE,0,200,1,0,0,3.00E-04,0.002,0,-1.00E-04,0,FALSE
96,ResUnitMH,1,1,FALSE,0,200,1,0,0,3.00E-04,0.002,0,-1.00E-04,0,FALSE
97,ResUnitMH,1,1,FALSE,0,200,1,0,0,3.00E-04,0.002,0,-1.00E-04,0,FALSE
98,ResUnitMH,1,1,FALSE,0,200,1,0,0,3.00E-04,0.002,0,-1.00E-04,0,FALSE
99,ResUnitMH,1,1,FALSE,0,200,1,0,0,3.00E-04,0.002,0,-1.00E-04,0,FALSE
100,ResUnitMH,1,1,FALSE,0,200,1,0,0,3.00E-04,0.002,0,-1.00E-04,0,FALSE
101,ResUnitMH,1,1,FALSE,0,200,1,0,0,3.00E-04,0.002,0,-1.00E-04,0,FALSE
102,ResUnitMH,1,1,FALSE,0,200,1,0,0,3.00E-04,0.002,0,-1.00E-04,0,FALSE
103,ResUnitMH,1,1,FALSE,0,200,1,0,0,3.00E-04,0.002,0,-1.00E-04,0,FALSE
104,ResUnitMH,1,1,FALSE,0,200,1,0,0,3.00E-04,0.002,0,-1.00E-04,0,FALSE
105,ResUnitMH,1,1,FALSE,0,200,1,0,0,3.00E-04,0.002,0,-1.00E-04,0,FALSE
106,ResUnitMH,1,1,FALSE,0,200,1,0,0,3.00E-04,0.002,0,-1.00E-04,0,FALSE
107,ResUnitMH,1,1,FALSE,0,200,1,0,0,3.00E-04,0.002,0,-1.00E-04,0,FALSE
108,ResUnitMH,1,1,FALSE,0,200,1,0,0,3.00E-04,0.002,0,-1.00E-04,0,FALSE
109,ResUnitMH,1,1,FALSE,0,200,1,0,0,3.00E-04,0.002,0,-1.00E-04,0,FALSE
110,ResUnitMH,1,1,FALSE,0,200,1,0,0,3.00E-04,0.002,0,-1.00E-04,0,FALSE
111,ResUnitMH,1,1,FALSE,0,200,1,0,0,3.00E-04,0.002,0,-1.00E-04,0,FALSE
112,ResUnitMH,1,1,FALSE,-4.12,200,1,0,206,3.00E-04,0.002,0,-1.00E-04,0,FALSE
113,ResUnitMH,1,1,FALSE,0,200,1,0,0,3.00E-04,0.002,0,-1.00E-04,0,FALSE
114,ResUnitMH,1,1,FALSE,-3.32,200,1,0,166,3.00E-04,0.002,0,-1.00E-04,0,FALSE
115,ResUnitMH,1,1,FALSE,-5.8,200,1,0,290,3.00E-04,0.002,0,-1.00E-04,0,FALSE
116,ResUnitMH,1,1,FALSE,-0.6,200,1,0,30,3.00E-04,0.002,0,-1.00E-04,0,FALSE
117,ResUnitMH,1,1,FALSE,0,200,1,0,0,3.00E-04,0.002,0,-1.00E-04,0,FALSE
118,ResUnitMH,1,1,FALSE,-33.82,200,1,0,1691,3.00E-04,0.002,0,-1.00E-04,0,FALSE
119,ResUnitMH,1,1,FALSE,0,200,1,0,0,3.00E-04,0.002,0,-1.00E-04,0,FALSE
120,ResUnitMH,1,1,FALSE,0,200,1,0,0,3.00E-04,0.002,0,-1.00E-04,0,FALSE
121,ResUnitMH,1,1,FALSE,-3.94,200,1,0,197,3.00E-04,0.002,0,-1.00E-04,0,FALSE
122,ResUnitMH,1,1,FALSE,0,200,1,0,0,3.00E-04,0.002,0,-1.00E-04,0,FALSE
123,ResUnitMH,1,1,FALSE,-5.84,200,1,0,292,3.00E-04,0.002,0,-1.00E-04,0,FALSE
124,ResUnitMH,1,1,FALSE,-7.46,200,1,0,373,3.00E-04,0.002,0,-1.00E-04,0,FALSE
125,ResUnitMH,1,1,FALSE,-11.42,200,1,0,571,3.00E-04,0.002,0,-1.00E-04,0,FALSE
126,ResUnitMH,1,1,FALSE,0,200,1,0,0,3.00E-04,0.002,0,-1.00E-04,0,FALSE
127,ResUnitMH,1,1,FALSE,0,200,1,0,0,3.00E-04,0.002,0,-1.00E-04,0,FALSE
128,ResUnitMH,1,1,FALSE,-1.8,200,1,0,90,3.00E-04,0.002,0,-1.00E-04,0,FALSE
129,ResUnitMH,1,1,FALSE,0,200,1,0,0,3.00E-04,0.002,0,-1.00E-04,0,FALSE
130,ResUnitMH,1,1,FALSE,0,200,1,0,0,3.00E-04,0.002,0,-1.00E-04,0,FALSE
131,ResUnitMH,1,1,FALSE,0,200,1,0,0,3.00E-04,0.002,0,-1.00E-04,0,FALSE
132,ResUnitMH,1,1,FALSE,0,200,1,0,0,3.00E-04,0.002,0,-1.00E-04,0,FALSE
133,ResUnitMH,1,1,FALSE,0,200,1,0,0,3.00E-04,0.002,0,-1.00E-04,0,FALSE
134,ResUnitMH,1,1,FALSE,-0.22,200,1,0,11,3.00E-04,0.002,0,-1.00E-04,0,FALSE
135,ResUnitMH,1,1,FALSE,0,200,1,0,0,3.00E-04,0.002,0,-1.00E-04,0,FALSE
136,ResUnitMH,1,1,FALSE,0,200,1,0,0,3.00E-04,0.002,0,-1.00E-04,0,FALSE
137,ResUnitMH,1,1,FALSE,-3.14,200,1,0,157,3.00E-04,0.002,0,-1.00E-04,0,FALSE
138,ResUnitMH,1,1,FALSE,0,200,1,0,0,3.00E-04,0.002,0,-1.00E-04,0,FALSE
139,ResUnitMH,1,1,FALSE,0,200,1,0,0,3.00E-04,0.002,0,-1.00E-04,0,FALSE
140,ResUnitMH,1,1,FALSE,-1.46,200,1,0,73,3.00E-04,0.002,0,-1.00E-04,0,FALSE
141,ResUnitMH,1,1,FALSE,-4.48,200,1,0,224,3.00E-04,0.002,0,-1.00E-04,0,FALSE
142,ResUnitMH,1,1,FALSE,-29.06,200,1,0,1453,3.00E-04,0.002,0,-1.00E-04,0,FALSE
143,ResUnitMH,1,1,FALSE,-33.12,200,1,0,1656,3.00E-04,0.002,0,-1.00E-04,0,FALSE
144,ResUnitMH,1,1,FALSE,0,200,1,0,0,3.00E-04,0.002,0,-1.00E-04,0,FALSE
145,ResUnitMH,1,1,FALSE,0,200,1,0,0,3.00E-04,0.002,0,-1.00E-04,0,FALSE
146,ResUnitMH,1,1,FALSE,-11.48,200,1,0,574,3.00E-04,0.002,0,-1.00E-04,0,FALSE
147,ResUnitMH,1,1,FALSE,0,200,1,0,0,3.00E-04,0.002,0,-1.00E-04,0,FALSE
148,ResUnitMH,1,1,FALSE,-2.02,200,1,0,101,3.00E-04,0.002,0,-1.00E-04,0,FALSE
149,ResUnitMH,1,1,FALSE,0,200,1,0,0,3.00E-04,0.002,0,-1.00E-04,0,FALSE
150,ResUnitMH,1,1,FALSE,0,200,1,0,0,3.00E-04,0.002,0,-1.00E-04,0,FALSE
151,ResUnitMH,1,1,FALSE,-5.4,200,1,0,270,3.00E-04,0.002,0,-1.00E-04,0,FALSE
152,ResUnitMH,1,1,FALSE,0,200,1,0,0,3.00E-04,0.002,0,-1.00E-04,0,FALSE
153,ResUnitMH,1,1,FALSE,0,200,1,0,0,3.00E-04,0.002,0,-1.00E-04,0,FALSE
154,ResUnitMH,1,1,FALSE,0,200,1,0,0,3.00E-04,0.002,0,-1.00E-04,0,FALSE
155,ResUnitMH,1,1,FALSE,0,200,1,0,0,3.00E-04,0.002,0,-1.00E-04,0,FALSE
156,ResUnitMH,1,1,FALSE,0,200,1,0,0,3.00E-04,0.002,0,-1.00E-04,0,FALSE
157,ResUnitMH,1,1,FALSE,-0.14,200,1,0,7,3.00E-04,0.002,0,-1.00E-04,0,FALSE
158,ResUnitMH,1,1,FALSE,0,200,1,0,0,3.00E-04,0.002,0,-1.00E-04,0,FALSE
159,ResUnitMH,1,1,FALSE,-4.74,200,1,0,237,3.00E-04,0.002,0,-1.00E-04,0,FALSE
160,ResUnitMH,1,1,FALSE,-6.5,200,1,0,325,3.00E-04,0.002,0,-1.00E-04,0,FALSE
161,ResUnitMH,1,1,FALSE,0,200,1,0,0,3.00E-04,0.002,0,-1.00E-04,0,FALSE
162,ResUnitMH,1,1,FALSE,-0.56,200,1,0,28,3.00E-04,0.002,0,-1.00E-04,0,FALSE
163,ResUnitMH,1,1,FALSE,-5.34,200,1,0,267,3.00E-04,0.002,0,-1.00E-04,0,FALSE
164,ResUnitMH,1,1,FALSE,-2.06,200,1,0,103,3.00E-04,0.002,0,-1.00E-04,0,FALSE
165,ResUnitMH,1,1,FALSE,-0.88,200,1,0,44,3.00E-04,0.002,0,-1.00E-04,0,FALSE
166,ResUnitMH,1,1,FALSE,0,200,1,0,0,3.00E-04,0.002,0,-1.00E-04,0,FALSE
167,ResUnitMH,1,1,FALSE,-10.02,200,1,0,501,3.00E-04,0.002,0,-1.00E-04,0,FALSE
168,ResUnitMH,1,1,FALSE,0,200,1,0,0,3.00E-04,0.002,0,-1.00E-04,0,FALSE
169,ResUnitMH,1,1,FALSE,0,200,1,0,0,3.00E-04,0.002,0,-1.00E-04,0,FALSE
170,ResUnitMH,1,1,FALSE,0,200,1,0,0,3.00E-04,0.002,0,-1.00E-04,0,FALSE
171,ResUnitMH,1,1,FALSE,0,200,1,0,0,3.00E-04,0.002,0,-1.00E-04,0,FALSE
172,ResUnitMH,1,1,FALSE,0,200,1,0,0,3.00E-04,0.002,0,-1.00E-04,0,FALSE
173,ResUnitMH,1,1,FALSE,0,200,1,0,0,3.00E-04,0.002,0,-1.00E-04,0,FALSE
174,ResUnitMH,1,1,FALSE,-6.58,200,1,0,329,3.00E-04,0.002,0,-1.00E-04,0,FALSE
175,ResUnitMH,1,1,FALSE,0,200,1,0,0,3.00E-04,0.002,0,-1.00E-04,0,FALSE
176,ResUnitMH,1,1,FALSE,-3.14,200,1,0,157,3.00E-04,0.002,0,-1.00E-04,0,FALSE
177,ResUnitMH,1,1,FALSE,-2.78,200,1,0,139,3.00E-04,0.002,0,-1.00E-04,0,FALSE
178,ResUnitMH,1,1,FALSE,-5.7,200,1,0,285,3.00E-04,0.002,0,-1.00E-04,0,FALSE
179,ResUnitMH,1,1,FALSE,0,200,1,0,0,3.00E-04,0.002,0,-1.00E-04,0,FALSE
180,ResUnitMH,1,1,FALSE,-0.08,200,1,0,4,3.00E-04,0.002,0,-1.00E-04,0,FALSE
181,ResUnitMH,1,1,FALSE,-4.26,200,1,0,213,3.00E-04,0.002,0,-1.00E-04,0,FALSE
182,ResUnitMH,1,1,FALSE,-1.86,200,1,0,93,3.00E-04,0.002,0,-1.00E-04,0,FALSE
183,ResUnitMH,1,1,FALSE,0,200,1,0,0,3.00E-04,0.002,0,-1.00E-04,0,FALSE
184,ResUnitMH,1,1,FALSE,-4.82,200,1,0,241,3.00E-04,0.002,0,-1.00E-04,0,FALSE
185,ResUnitMH,1,1,FALSE,-2.72,200,1,0,136,3.00E-04,0.002,0,-1.00E-04,0,FALSE
186,ResUnitMH,1,1,FALSE,-12.02,200,1,0,601,3.00E-04,0.002,0,-1.00E-04,0,FALSE
187,ResUnitMH,1,1,FALSE,-2.16,200,1,0,108,3.00E-04,0.002,0,-1.00E-04,0,FALSE
188,ResUnitMH,1,1,FALSE,0,200,1,0,0,3.00E-04,0.002,0,-1.00E-04,0,FALSE
189,ResUnitMH,1,1,FALSE,-0.82,200,1,0,41,3.00E-04,0.002,0,-1.00E-04,0,FALSE
190,ResUnitMH,1,1,FALSE,0,200,1,0,0,3.00E-04,0.002,0,-1.00E-04,0,FALSE
191,ResUnitMH,1,1,FALSE,0,200,1,0,0,3.00E-04,0.002,0,-1.00E-04,0,FALSE
192,ResUnitMH,1,1,FALSE,0,200,1,0,0,3.00E-04,0.002,0,-1.00E-04,0,FALSE
193,ResUnitMH,1,1,FALSE,0,200,1,0,0,3.00E-04,0.002,0,-1.00E-04,0,FALSE
194,ResUnitMH,1,1,FALSE,0,200,1,0,0,3.00E-04,0.002,0,-1.00E-04,0,FALSE
195,ResUnitMH,1,1,FALSE,0,200,1,0,0,3.00E-04,0.002,0,-1.00E-04,0,FALSE
196,ResUnitMH,1,1,FALSE,-4.02,200,1,0,201,3.00E-04,0.002,0,-1.00E-04,0,FALSE
197,ResUnitMH,1,1,FALSE,0,200,1,0,0,3.00E-04,0.002,0,-1.00E-04,0,FALSE
198,ResUnitMH,1,1,FALSE,-2.36,200,1,0,118,3.00E-04,0.002,0,-1.00E-04,0,FALSE
199,ResUnitMH,1,1,FALSE,0,200,1,0,0,3.00E-04,0.002,0,-1.00E-04,0,FALSE
200,ResUnitMH,1,1,FALSE,-3.34,200,1,0,167,3.00E-04,0.002,0,-1.00E-04,0,FALSE
201,ResUnitMH,1,1,FALSE,-5.98,200,1,0,299,3.00E-04,0.002,0,-1.00E-04,0,FALSE
202,ResUnitMH,1,1,FALSE,-0.94,200,1,0,47,3.00E-04,0.002,0,-1.00E-04,0,FALSE
203,ResUnitMH,1,1,FALSE,0,200,1,0,0,3.00E-04,0.002,0,-1.00E-04,0,FALSE
204,ResUnitMH,1,1,FALSE,0,200,1,0,0,3.00E-04,0.002,0,-1.00E-04,0,FALSE
205,ResUnitMH,1,1,FALSE,0,200,1,0,0,3.00E-04,0.002,0,-1.00E-04,0,FALSE
206,ResUnitMH,1,1,FALSE,-3.86,200,1,0,193,3.00E-04,0.002,0,-1.00E-04,0,FALSE
207,ResUnitMH,1,1,FALSE,0,200,1,0,0,3.00E-04,0.002,0,-1.00E-04,0,FALSE
208,ResUnitMH,1,1,FALSE,0,200,1,0,0,3.00E-04,0.002,0,-1.00E-04,0,FALSE
209,ResUnitMH,1,1,FALSE,-10.04,200,1,0,502,3.00E-04,0.002,0,-1.00E-04,0,FALSE
210,ResUnitMH,1,1,FALSE,0,200,1,0,0,3.00E-04,0.002,0,-1.00E-04,0,FALSE
211,ResUnitMH,1,1,FALSE,0,200,1,0,0,3.00E-04,0.002,0,-1.00E-04,0,FALSE
212,ResUnitMH,1,1,FALSE,-0.28,200,1,0,14,3.00E-04,0.002,0,-1.00E-04,0,FALSE
213,ResUnitMH,1,1,FALSE,-0.8,200,1,0,40,3.00E-04,0.002,0,-1.00E-04,0,FALSE
214,ResUnitMH,1,1,FALSE,-0.9,200,1,0,45,3.00E-04,0.002,0,-1.00E-04,0,FALSE
215,ResUnitMH,1,1,FALSE,-3,200,1,0,150,3.00E-04,0.002,0,-1.00E-04,0,FALSE
216,ResUnitMH,1,1,FALSE,0,200,1,0,0,3.00E-04,0.002,0,-1.00E-04,0,FALSE
217,ResUnitMH,1,1,FALSE,0,200,1,0,0,3.00E-04,0.002,0,-1.00E-04,0,FALSE
218,ResUnitMH,1,1,FALSE,0,200,1,0,0,3.00E-04,0.002,0,-1.00E-04,0,FALSE
219,ResUnitMH,1,1,FALSE,-13.14,200,1,0,657,3.00E-04,0.002,0,-1.00E-04,0,FALSE
220,ResUnitMH,1,1,FALSE,-11.16,200,1,0,558,3.00E-04,0.002,0,-1.00E-04,0,FALSE
221,ResUnitMH,1,1,FALSE,0,200,1,0,0,3.00E-04,0.002,0,-1.00E-04,0,FALSE
222,ResUnitMH,1,1,FALSE,0,200,1,0,0,3.00E-04,0.002,0,-1.00E-04,0,FALSE
223,ResUnitMH,1,1,FALSE,0,200,1,0,0,3.00E-04,0.002,0,-1.00E-04,0,FALSE
224,ResUnitMH,1,1,FALSE,0,200,1,0,0,3.00E-04,0.002,0,-1.00E-04,0,FALSE
225,ResUnitMH,1,1,FALSE,0,200,1,0,0,3.00E-04,0.002,0,-1.00E-04,0,FALSE
226,ResUnitMH,1,1,FALSE,0,200,1,0,0,3.00E-04,0.002,0,-1.00E-04,0,FALSE
227,ResUnitMH,1,1,FALSE,0,200,1,0,0,3.00E-04,0.002,0,-1.00E-04,0,FALSE
228,ResUnitMH,1,1,FALSE,0,200,1,0,0,3.00E-04,0.002,0,-1.00E-04,0,FALSE
229,ResUnitMH,1,1,FALSE,-0.12,200,1,0,6,3.00E-04,0.002,0,-1.00E-04,0,FALSE
